"","V1","V2","V3","V4","V5","V6","V7","V8","V9","V10","V11","V12","V13","V14","V15","V16","V17","V18","V19","V20","V21","V22","V23","V24","V25","V26","V27","V28","V29","V30","V31","V32","V33","V34","V35","V36","V37","V38","V39","V40","V41","V42","V43","V44","V45","V46","V47","V48","V49","V50","V51","V52","V53","V54","V55","V56","V57","V58","V59","V60","V61","V62","V63","V64","V65","V66","V67","V68","V69","V70","V71","V72","V73","V74","V75","V76","V77","V78","V79","V80","V81","V82","V83","V84"
"Time",0.02,0.22,0.21,0.02,NA,0.01,2.28,0.03,NA,NA,NA,NA,0.01,0.28,0.17,0.17,NA,NA,3.47,1.27,NA,NA,NA,NA,0.01,0.25,0.17,0.01,NA,NA,0.03,0.01,NA,NA,0.12,NA,0.01,0.3,0.01,0.02,0.01,12.49,0.01,3.41,NA,0.03,NA,0.57,0.18,0.01,0.19,0.16,1.03,NA,6.43,2.74,0.2,NA,0.14,NA,0.2,0.01,0.26,0.01,NA,NA,1.45,4.52,0.12,NA,NA,NA,0.26,0.21,0.2,0.19,NA,0.16,1.73,2.39,NA,NA,NA,NA
"Time",0.26,0.25,0.2,0.2,0.03,NA,1.41,1.25,0.01,NA,0.34,NA,0.19,0.24,0.21,0.19,NA,NA,0.01,0.03,0.15,NA,NA,NA,0.01,0.17,0.26,0.01,NA,NA,1.42,1.38,NA,0.07,NA,NA,0.19,0.24,0.2,0.01,0.01,NA,3.56,1.34,NA,NA,NA,0.01,0.21,0.19,0.2,0.01,1.03,0.07,5.63,3.51,0.12,NA,NA,NA,0.01,0.17,0.26,0.21,0.01,NA,1.47,0.02,0.02,NA,NA,NA,0.19,0.22,0.18,0.22,4.53,0.84,0.03,2.38,NA,0.08,NA,NA
"Time",0.28,0.21,0.17,0.01,NA,NA,1.38,1.38,NA,NA,NA,NA,0.01,0.19,0.01,0.02,NA,NA,3.31,0.03,NA,NA,0.17,0.04,0.2,0.18,0.18,0.18,NA,0.09,1.38,1.33,NA,0.08,NA,NA,0.23,0.01,0.19,0.21,NA,NA,2.43,3.53,NA,NA,NA,0.01,0.2,0.21,0.18,0.15,NA,NA,1.47,1.59,NA,0.26,NA,NA,0.32,0.02,0.2,0.19,NA,8.55,1.26,3.51,0.04,NA,NA,NA,0.21,0.23,0.26,0.16,NA,0.91,0.02,2.52,NA,0.01,NA,NA
"Time",0.23,0.28,0.16,0.18,0.01,NA,1.32,0.08,NA,NA,0.01,NA,0.01,0.21,0.01,0.23,0.01,NA,0.03,1.51,0.01,NA,NA,NA,0.23,0.19,0.17,0.01,NA,12.58,1.49,1.3,NA,NA,NA,NA,0.22,0.19,0.01,0.01,NA,NA,5.33,0.03,NA,0.02,NA,0.14,0.18,0.21,0.22,0.23,NA,NA,2.5,1.5,NA,NA,NA,NA,0.01,0.19,0.16,0.16,17.2,11.67,0.08,3.33,NA,0.15,0.29,NA,0.24,0.19,0.19,0.16,0.84,0.76,5.43,0.01,0.34,NA,NA,NA
"Time",0.24,0.01,0.02,0.19,NA,NA,3.31,1.26,0.01,NA,NA,NA,0.02,0.21,0.23,0.31,0.01,NA,4.54,1.34,NA,NA,NA,NA,0.39,0.19,0.24,0.19,0.01,0.02,1.4,1.45,NA,NA,NA,NA,0.21,0.01,0.19,0.01,NA,0.02,2.6,1.54,NA,0.26,NA,NA,0.01,0.24,0.02,0.21,NA,NA,5.48,0.03,0.01,NA,NA,NA,0.23,0.2,0.23,0.23,NA,10.56,1.26,0.05,NA,0.06,NA,NA,0.01,0.2,0.01,0.2,0.03,3.06,2.72,3.63,NA,NA,NA,NA
"Time",0.03,0.2,0.02,0.16,NA,NA,1.28,1.23,NA,NA,NA,0.03,0.01,0.01,0.18,0.2,NA,NA,1.37,2.41,NA,NA,NA,NA,0.3,0.21,0.18,0.15,NA,0.77,0.01,1.47,0.09,NA,NA,NA,0.01,0.19,0.01,0.01,0.03,NA,6.35,0.03,NA,NA,NA,NA,0.01,0.23,0.18,0.18,1.06,NA,8.49,0.69,NA,NA,NA,NA,0.23,0.21,0.2,0.01,0.02,NA,0.02,1.5,NA,NA,0.13,NA,0.17,0.25,0.23,0.19,1,0.08,2.44,14.46,NA,NA,0.01,NA
"Time",0.01,0.26,0.2,0.01,0.02,10.51,1.45,1.28,0.01,NA,0.08,0.67,0.01,0.19,0.01,0.21,NA,NA,1.38,0.02,NA,0.09,NA,NA,0.25,0.01,0.19,0.22,0.01,NA,0.02,0.01,0.06,NA,NA,NA,0.22,0.24,0.01,0.17,NA,NA,0.03,1.36,0.08,NA,NA,0.04,0.18,0.2,0.16,0.02,0.75,0.06,2.53,1.75,0.32,NA,NA,0.06,0.01,0.01,0.17,0.23,NA,17.53,1.39,2.53,0.22,NA,0.06,0.18,0.01,0.01,0.18,0.22,1.14,0.01,2.5,0.01,NA,NA,NA,NA
"Time",0.19,0.03,0.2,0.01,NA,6.6,1.36,1.31,0.02,0.06,NA,NA,0.22,0.19,0.16,0.25,0.02,NA,1.31,1.41,0.53,NA,NA,0.09,0.26,0.19,0.01,0.01,NA,0.03,1.37,0.07,NA,NA,NA,NA,0.27,0.29,0.22,0.01,NA,0.01,5.44,1.25,NA,NA,NA,NA,0.21,0.01,0.01,0.01,1.06,NA,2.54,3.62,NA,NA,NA,NA,0.19,0.23,0.18,0.2,NA,0.02,3.44,1.57,0.1,0.27,NA,NA,0.18,0.01,0.18,0.02,0.88,1,0.01,2.34,0.02,0.02,NA,0.19
"Time",0.22,0.19,0.2,0.17,NA,0.02,4.32,0.07,NA,NA,0.01,0.06,0.04,0.03,0.26,0.01,18.09,NA,0.01,1.37,NA,NA,NA,0.34,0.26,0.2,0.01,0.25,NA,0.06,0.05,1.5,NA,0.07,0.05,NA,0.24,0.2,0.01,0.18,0.87,0.01,1.32,1.43,NA,NA,NA,NA,0.19,0.19,0.01,0.24,13.19,NA,0.05,0.04,NA,0.28,NA,0.04,0.2,0.19,0.21,0.01,NA,NA,1.85,2.18,0.17,NA,NA,NA,0.18,0.2,0.25,0.01,NA,1.07,2.5,3.5,NA,NA,NA,NA
"Time",0.22,0.21,0.22,0.19,NA,NA,1.34,1.27,NA,0.1,NA,NA,0.26,0.18,0.01,0.18,NA,5.56,1.53,1.34,NA,NA,NA,NA,0.23,0.01,0.21,0.01,0.1,NA,3.53,1.3,NA,NA,NA,NA,0.21,0.02,0.19,0.27,0.01,6.46,1.37,0.01,NA,0.13,NA,NA,0.19,0.01,0.17,0.01,NA,NA,2.69,0.01,NA,NA,0.15,NA,0.2,0.01,0.18,0.21,0.01,0.01,3.38,2.58,NA,0.09,0.01,NA,0.18,0.28,0.22,0.01,NA,NA,0.01,6.46,NA,0.09,NA,NA
"Time",0.01,0.29,0.01,0.18,NA,NA,0.03,1.44,NA,NA,NA,0.08,0.17,0.31,0.01,0.15,NA,0.01,1.36,0.04,0.08,NA,NA,NA,0.21,0.17,0.21,0.18,NA,NA,0.01,1.38,NA,NA,0.13,NA,0.26,0.01,0.19,0.02,0.88,NA,1.5,1.37,NA,0.01,0.01,NA,0.25,0.24,0.19,0.2,0.84,NA,1.5,0.01,0.04,NA,NA,NA,0.24,0.2,0.25,0.17,NA,0.14,2.4,3.38,NA,NA,NA,0.28,0.21,0.03,0.01,0.23,0.02,0.66,0.02,4.62,NA,NA,NA,NA
"Time",0.2,0.03,0.01,0.01,NA,NA,1.48,1.42,0.05,0.06,NA,NA,0.21,0.01,0.23,0.18,NA,6.49,1.34,4.37,NA,NA,NA,NA,0.25,0.2,0.18,0.26,0.03,NA,1.42,1.49,NA,NA,NA,NA,0.18,0.01,0.01,0.01,NA,NA,1.37,0.01,NA,NA,NA,NA,0.01,0.01,0.16,0.22,0.01,0.07,7.75,4.66,0.09,0.03,0.04,0.11,0.16,0.15,0.2,0.2,NA,NA,1.42,1.37,0.01,NA,NA,NA,0.22,0.18,0.2,0.22,1.1,0.02,0.01,0.02,NA,NA,0.1,NA
"Time",0.01,0.2,0.2,0.18,NA,9.54,2.39,1.29,NA,NA,NA,NA,0.19,0.24,0.17,0.17,NA,NA,1.36,1.38,NA,NA,NA,0.08,0.24,0.21,0.22,0.01,13.04,NA,0.04,0.05,NA,NA,0.12,NA,0.2,0.26,0.21,0.23,0.07,NA,0.02,2.5,NA,NA,NA,NA,0.01,0.01,0.22,0.18,NA,0.01,0.02,2.48,NA,NA,NA,NA,0.01,0.01,0.23,0.01,0.01,NA,0.02,1.59,NA,NA,NA,NA,0.23,0.27,0.25,0.16,1.28,0.8,0.07,4.65,NA,NA,NA,NA
"Time",0.21,0.21,0.2,0.16,NA,NA,1.13,0.02,0.11,NA,0.02,0.23,0.28,0.19,0.18,0.19,NA,NA,0.01,0.01,0.02,0.01,NA,NA,0.22,0.21,0.01,0.21,NA,NA,1.43,1.34,NA,NA,0.13,0.05,0.2,0.18,0.01,0.21,NA,0.02,1.6,1.33,NA,NA,NA,NA,0.18,0.01,0.21,0.2,NA,0.01,3.52,2.64,NA,0.01,NA,0.05,0.01,0.21,0.18,0.19,0.03,19.47,0.01,1.5,NA,NA,NA,0.2,0.02,0.01,0.01,0.01,15.8,1.12,3.35,0.02,NA,NA,NA,NA
"Time",0.21,0.24,0.21,0.23,NA,0.01,1.28,1.26,0.03,NA,NA,0.08,0.21,0.22,0.17,0.25,NA,NA,1.33,1.43,0.01,NA,NA,0.14,0.22,0.21,0.17,0.2,NA,NA,1.42,2.61,NA,NA,NA,NA,0.2,0.18,0.2,0.02,0.03,NA,2.49,0.01,NA,0.08,NA,0.02,0.23,0.22,0.18,0.01,NA,0.07,2.44,2.55,0.28,NA,NA,NA,0.03,0.01,0.18,0.2,0.01,0.01,1.26,0.02,NA,NA,0.28,NA,0.17,0.2,0.17,0.01,1.43,1.05,2.72,2.45,NA,0.07,0.02,NA
"Time",0.22,0.18,0.18,0.23,NA,NA,0.01,1.29,0.02,NA,NA,0.34,0.26,0.03,0.27,0.27,NA,NA,1.38,2.5,NA,0.03,NA,NA,0.2,0.19,0.29,0.18,0.01,NA,1.34,1.5,NA,NA,NA,NA,0.21,0.16,0.16,0.26,0.02,0.04,5.31,1.47,NA,0.02,0.03,NA,0.02,0.22,0.18,0.28,NA,0.86,2.47,2.78,NA,0.1,NA,NA,0.23,0.01,0.29,0.18,0.02,NA,0.01,1.34,0.05,NA,0.05,NA,0.21,0.18,0.19,0.22,0.8,3.02,3.59,3.52,NA,0.01,NA,NA
"Time",0.35,0.16,0.18,0.01,NA,14.56,1.16,0.05,NA,0.18,NA,NA,0.01,0.19,0.18,0.19,NA,NA,1.32,1.39,0.06,NA,NA,NA,0.18,0.17,0.18,0.2,0.01,NA,0.02,0.02,NA,0.02,NA,NA,0.23,0.15,0.17,0.01,NA,NA,1.38,0.01,0.02,NA,NA,NA,0.16,0.17,0.19,0.01,NA,6.57,1.67,2.75,NA,NA,NA,NA,0.22,0.17,0.18,0.19,NA,17.49,7.25,1.5,0.01,NA,NA,NA,0.2,0.21,0.2,0.2,0.83,2.56,2.47,4.49,0.2,0.16,NA,NA
"Time",0.01,0.19,0.01,0.2,0.01,0.03,1.17,1.4,NA,NA,0.03,NA,0.19,0.26,0.17,0.2,NA,NA,0.04,0.02,NA,NA,NA,NA,0.21,0.23,0.18,0.02,NA,NA,1.35,1.22,0.17,NA,NA,NA,0.25,0.24,0.2,0.01,NA,8.47,1.52,1.61,0.39,0.13,0.04,0.07,0.18,0.19,0.01,0.22,NA,NA,5.52,2.61,NA,NA,0.02,NA,0.01,0.24,0.16,0.01,NA,NA,0.04,4.37,NA,NA,NA,NA,0.29,0.22,0.01,0.16,0.01,0.09,0.88,2.39,0.02,NA,NA,NA
"Time",0.19,0.01,0.19,0.01,NA,NA,1.26,0.01,NA,NA,NA,NA,0.19,0.21,0.18,0.21,0.03,0.03,2.37,1.45,NA,NA,NA,0.1,0.01,0.22,0.2,0.2,NA,0.02,0.03,1.5,0.07,NA,NA,NA,0.01,0.34,0.18,0.01,NA,NA,2.4,0.11,NA,NA,NA,NA,0.26,0.01,0.19,0.18,0.03,1.18,5.64,1.71,NA,NA,0.03,0.12,0.02,0.01,0.01,0.01,NA,0.03,3.57,3.5,NA,NA,NA,NA,0.19,0.2,0.01,0.19,0.75,0.03,0.01,6.36,NA,0.07,0.26,NA
"Time",0.01,0.01,0.2,0.03,NA,0.07,0.02,1.42,NA,NA,0.02,0.01,0.21,0.01,0.01,0.21,0.01,NA,2.41,0.03,NA,NA,NA,NA,0.16,0.21,0.22,0.22,NA,NA,1.39,1.45,NA,0.03,NA,NA,0.21,0.2,0.27,0.2,NA,1.04,1.52,0.01,NA,0.01,0.01,NA,0.26,0.19,0.2,0.25,NA,0.95,0.7,7.6,NA,0.08,0.02,NA,0.21,0.01,0.19,0.16,NA,NA,3.44,1.39,NA,NA,NA,NA,0.18,0.19,0.18,0.18,NA,1.03,2.59,0.03,NA,0.01,NA,NA
"Time",0.36,0.34,0.26,0.18,NA,0.06,1.35,1.22,NA,NA,0.12,NA,0.21,0.22,0.17,0.18,NA,NA,0.01,1.46,NA,NA,NA,0.01,0.19,0.23,0.18,0.25,NA,6.52,1.35,1.53,NA,0.01,NA,NA,0.19,0.21,0.19,0.01,0.02,0.13,2.51,2.41,NA,0.12,NA,NA,0.2,0.24,0.19,0.24,0.01,0.82,0.02,9.67,0.06,0.12,NA,NA,0.19,0.17,0.17,0.2,0.93,2.3,0.03,1.57,NA,NA,NA,NA,0.01,0.01,0.2,0.01,0.13,NA,16.43,4.61,0.06,0.07,NA,0.05
"Time",0.23,0.17,0.01,0.01,NA,NA,1.15,1.29,NA,NA,NA,0.04,0.23,0.2,0.23,0.18,0.02,NA,1.24,1.47,NA,NA,NA,0.09,0.2,0.01,0.18,0.03,NA,9.85,0.01,0.03,NA,NA,NA,NA,0.21,0.01,0.2,0.2,NA,NA,1.37,1.41,NA,NA,NA,NA,0.26,0.02,0.01,0.2,NA,NA,0.01,4.56,0.01,0.11,NA,0.27,0.42,0.26,0.01,0.18,19.25,NA,0.01,2.62,0.03,NA,NA,NA,0.18,0.19,0.01,0.25,1.12,6.62,0.01,0.03,NA,NA,NA,NA
"Time",0.3,0.01,0.2,0.17,0.06,NA,1.31,1.43,NA,0.06,NA,0.01,0.25,0.18,0.24,0.21,0.04,NA,0.03,1.41,0.08,NA,NA,NA,0.19,0.2,0.17,0.2,NA,0.05,1.32,1.41,NA,NA,NA,NA,0.21,0.18,0.17,0.01,NA,17.75,0.02,1.49,0.02,0.14,NA,NA,0.36,0.15,0.01,0.2,NA,NA,3.51,7.55,0.08,NA,NA,NA,0.17,0.18,0.26,0.19,0.01,16.47,5.5,2.53,0.02,NA,NA,NA,0.2,0.3,0.18,0.03,0.79,1.05,0.01,2.38,NA,NA,NA,NA
"Time",0.01,0.18,0.01,0.25,NA,NA,1.23,1.46,NA,0.02,0.03,NA,0.19,0.02,0.19,0.22,NA,NA,0.03,0.01,NA,0.04,0.02,NA,0.26,0.19,0.17,0.21,NA,0.03,2.48,3.53,0.03,NA,0.06,NA,0.24,0.25,0.01,0.16,NA,0.01,1.47,1.42,NA,NA,NA,NA,0.18,0.18,0.22,0.01,NA,NA,0.02,2.6,NA,0.18,NA,NA,0.2,0.18,0.19,0.02,0.01,NA,0.1,0.01,0.01,NA,NA,NA,0.21,0.17,0.01,0.01,0.89,1.05,4.58,1.53,0.08,NA,NA,NA
"Time",0.01,0.24,0.01,0.01,NA,NA,1.16,2.49,NA,NA,NA,NA,0.29,0.01,0.01,0.19,NA,15.5,3.41,1.43,NA,NA,NA,NA,0.19,0.24,0.01,0.22,NA,6.26,1.41,1.4,NA,NA,NA,NA,0.18,0.19,0.19,0.17,0.01,NA,3.46,0.06,NA,NA,NA,NA,0.03,0.25,0.01,0.19,0.84,0.03,0.02,16.51,NA,NA,NA,NA,0.21,0.01,0.24,0.19,NA,0.81,1.39,0.02,NA,NA,NA,NA,0.19,0.19,0.22,0.01,0.03,1.08,7.47,0.01,0.01,NA,NA,NA
"Time",0.01,0.01,0.22,0.16,NA,12.44,0.07,1.48,NA,NA,NA,NA,0.01,0.01,0.18,0.18,0.01,NA,1.56,3.47,NA,NA,0.01,NA,0.22,0.19,0.02,0.18,NA,0.01,2.42,1.36,NA,NA,NA,NA,0.01,0.16,0.01,0.26,NA,NA,1.58,0.02,0.16,0.01,0.13,0.08,0.01,0.02,0.19,0.22,1.03,NA,1.5,0.01,NA,NA,0.09,NA,0.26,0.16,0.22,0.19,NA,0.02,1.39,2.56,0.17,NA,0.08,NA,0.01,0.2,0.01,0.2,0.04,12.39,0.66,0.03,NA,NA,NA,NA
"Time",0.19,0.2,0.03,0.21,NA,NA,0.05,0.01,NA,NA,NA,0.04,0.01,0.25,0.01,0.02,NA,NA,0.06,0.02,NA,0.07,NA,NA,0.18,0.25,0.19,0.2,NA,0.02,1.43,1.49,NA,NA,NA,NA,0.01,0.23,0.21,0.01,0.85,NA,0.02,2.55,NA,0.17,0.19,NA,0.2,0.01,0.25,0.21,1.09,0.02,7.56,2.5,NA,NA,NA,NA,0.25,0.29,0.01,0.01,0.01,0.07,2.48,1.42,NA,NA,0.04,NA,0.01,0.24,0.22,0.22,0.03,NA,2.6,15.63,NA,NA,0.01,0.04
"Time",0.24,0.18,0.17,0.24,NA,NA,0.02,1.53,NA,NA,0.1,0.08,0.28,0.23,0.18,0.16,NA,0.03,1.39,1.46,NA,NA,NA,NA,0.27,0.28,0.2,0.16,0.03,0.09,1.54,1.42,0.02,0.01,NA,NA,0.02,0.18,0.01,0.18,NA,NA,3.48,0.01,NA,0.01,NA,0.01,0.23,0.21,0.2,0.01,5.22,NA,6.54,2.52,0.06,NA,NA,NA,0.19,0.28,0.2,0.22,NA,NA,0.04,5.51,NA,NA,NA,NA,0.18,0.2,0.19,0.19,3.96,2.4,2.56,2.32,NA,NA,NA,NA
"Time",0.23,0.01,0.21,0.19,0.04,NA,1.29,1.34,NA,0.06,NA,NA,0.22,0.19,0.02,0.17,NA,0.08,3.37,1.51,NA,NA,NA,0.17,0.01,0.22,0.22,0.03,NA,0.02,3.37,1.42,NA,NA,NA,0.07,0.29,0.01,0.19,0.18,NA,0.01,0.01,0.02,NA,0.05,0.02,NA,0.24,0.01,0.01,0.22,NA,NA,0.08,9.52,0.01,NA,NA,NA,0.22,0.01,0.01,0.16,1.07,0.02,6.52,2.46,NA,NA,0.03,NA,0.2,0.19,0.02,0.18,0.02,0.12,0.01,2.35,0.04,NA,0.18,0.04
"Time",0.21,0.21,0.23,0.01,NA,NA,0.03,1.25,0.04,NA,NA,0.09,0.01,0.19,0.2,0.26,NA,0.02,0.01,0.01,NA,NA,0.05,NA,0.18,0.25,0.26,0.18,NA,NA,0.01,0.05,NA,0.23,NA,NA,0.26,0.17,0.19,0.18,NA,NA,1.43,7.47,NA,0.01,NA,0.01,0.23,0.17,0.17,0.19,1.06,0.02,2.39,8.6,NA,NA,NA,NA,0.18,0.24,0.01,0.18,NA,0.02,0.02,1.68,NA,NA,0.01,NA,0.01,0.22,0.18,0.21,NA,0.98,3.63,0.05,NA,NA,NA,NA
"Time",0.02,0.2,0.2,0.23,NA,7.43,0.01,0.04,0.01,0.1,NA,0.03,0.25,0.23,0.19,0.22,NA,NA,2.45,1.34,NA,NA,NA,NA,0.2,0.19,0.19,0.23,0.02,NA,1.46,1.55,NA,NA,NA,NA,0.24,0.19,0.17,0.21,NA,15.63,0.01,2.39,NA,NA,NA,0.05,0.18,0.27,0.2,0.23,NA,NA,2.31,1.38,0.03,NA,NA,NA,0.31,0.24,0.01,0.25,0.02,19.47,2.53,1.38,0.15,NA,0.11,NA,0.19,0.18,0.19,0.01,0.02,7.59,1.34,4.42,NA,NA,NA,NA
"Time",0.2,0.01,0.21,0.19,NA,NA,1.23,0.04,0.05,NA,NA,NA,0.02,0.19,0.17,0.18,0.05,NA,1.38,1.25,NA,0.01,0.07,NA,0.01,0.24,0.01,0.2,NA,NA,2.49,1.61,NA,0.42,NA,NA,0.2,0.21,0.19,0.19,0.04,NA,1.54,1.43,0.05,NA,NA,NA,0.23,0.23,0.24,0.01,NA,NA,2.37,6.5,0.01,0.11,NA,NA,0.28,0.21,0.18,0.21,NA,5.69,0.01,1.48,0.13,0.05,0.07,NA,0.01,0.19,0.01,0.22,NA,0.86,2.72,2.47,NA,NA,NA,NA
"Time",0.19,0.25,0.18,0.2,0.01,NA,1.41,1.37,NA,NA,NA,NA,0.22,0.18,0.23,0.17,NA,NA,1.29,0.01,NA,NA,NA,0.09,0.01,0.01,0.01,0.21,NA,10.4,1.3,1.48,NA,NA,NA,0.04,0.18,0.18,0.24,0.01,NA,NA,5.47,0.02,NA,NA,NA,0.45,0.2,0.21,0.01,0.01,0.02,4.71,0.02,0.02,NA,NA,NA,NA,0.2,0.26,0.2,0.18,NA,NA,0.02,2.57,NA,NA,NA,NA,0.16,0.21,0.21,0.16,NA,0.05,2.65,2.45,NA,NA,NA,NA
"Time",0.24,0.27,0.19,0.21,NA,NA,1.26,2.3,NA,NA,NA,NA,0.25,0.2,0.21,0.17,NA,0.03,2.43,1.41,NA,NA,NA,NA,0.01,0.22,0.2,0.2,NA,NA,1.54,0.06,0.01,NA,NA,0.06,0.01,0.26,0.19,0.2,NA,NA,2.4,1.51,0.02,NA,NA,NA,0.22,0.23,0.17,0.01,0.77,NA,0.01,2.74,NA,0.08,NA,NA,0.2,0.02,0.01,0.18,NA,NA,0.01,0.02,NA,0.1,NA,NA,0.23,0.19,0.2,0.24,1.16,NA,2.57,2.55,NA,NA,NA,NA
"Time",0.01,0.24,0.18,0.01,NA,0.09,2.35,1.19,0.24,NA,0.09,NA,0.23,0.17,0.26,0.15,NA,NA,1.36,1.26,NA,NA,NA,NA,0.27,0.17,0.21,0.01,NA,17.49,1.43,1.49,NA,0.04,0.13,0.14,0.25,0.25,0.19,0.26,NA,NA,2.62,1.34,NA,NA,NA,NA,0.18,0.21,0.18,0.21,NA,0.12,10.52,0.14,0.02,NA,0.02,NA,0.19,0.22,0.18,0.24,0.01,15.9,0.02,1.37,NA,NA,NA,NA,0.26,0.22,0.17,0.19,18.03,0.07,0.01,0.04,NA,NA,0.1,NA
"Time",0.03,0.01,0.18,0.01,NA,0.01,0.01,0.02,NA,0.23,NA,0.03,0.2,0.01,0.01,0.15,0.03,NA,0.02,0.01,0.03,NA,NA,NA,0.2,0.21,0.18,0.01,NA,NA,1.43,3.39,0.03,NA,NA,NA,0.23,0.01,0.01,0.2,NA,6.51,1.4,2.51,NA,NA,NA,NA,0.2,0.01,0.19,0.18,0.01,0.02,1.48,0.02,NA,NA,NA,NA,0.22,0.22,0.18,0.15,0.02,NA,6.37,0.02,0.08,0.08,0.07,NA,0.02,0.22,0.23,0.17,1.78,0.79,1.41,3.49,NA,NA,NA,NA
"Time",0.22,1.32,0.18,0.24,NA,NA,1.34,1.35,NA,NA,NA,NA,0.16,0.16,0.17,0.21,0.03,10.42,2.44,0.03,NA,0.38,NA,NA,0.01,0.01,0.23,0.18,0.04,NA,0.02,2.53,NA,NA,NA,NA,0.31,0.17,0.24,0.26,NA,NA,3.52,1.38,NA,NA,NA,NA,0.01,0.22,0.17,0.17,1.2,0.95,2.52,4.53,NA,NA,NA,NA,0.23,0.21,0.17,0.01,0.83,0.01,4.72,1.44,0.21,NA,NA,NA,0.01,0.21,0.2,0.19,0.99,NA,2.81,0.01,NA,0.05,NA,NA
"Time",0.23,0.01,0.21,0.16,NA,0.09,1.45,1.33,0.01,NA,NA,0.07,0.22,0.26,0.23,0.17,0.03,15.46,1.41,1.36,NA,NA,0.26,NA,0.2,0.27,0.21,0.2,NA,NA,1.4,1.39,0.01,NA,NA,NA,0.01,0.18,0.21,0.24,0.93,0.02,1.4,1.53,NA,NA,NA,NA,0.01,0.01,0.21,0.18,0.02,NA,1.58,0.01,NA,NA,NA,NA,0.28,0.01,0.19,0.22,8.53,0.01,2.38,3.56,NA,NA,0.05,NA,0.19,0.01,0.21,0.18,0.02,1.24,10.29,0.01,0.06,NA,NA,NA
"Time",0.01,0.22,0.21,0.23,0.04,0.01,1.14,1.27,0.02,NA,NA,NA,0.19,0.01,0.19,0.22,NA,NA,1.36,1.37,NA,NA,NA,0.05,0.21,0.19,0.2,0.2,NA,0.01,1.47,1.51,0.02,NA,0.01,NA,0.21,0.01,0.23,0.22,NA,0.02,0.02,0.03,NA,NA,NA,0.07,0.19,0.17,0.19,0.24,0.01,0.02,3.84,0.04,NA,NA,NA,NA,0.22,0.03,0.18,0.17,NA,NA,0.01,0.01,NA,NA,NA,NA,0.01,0.21,0.18,0.17,0.02,NA,3.68,5.66,0.02,NA,0.41,NA
"Time",0.27,0.27,0.17,0.19,NA,NA,0.01,1.09,NA,0.18,NA,NA,0.01,0.19,0.22,0.01,NA,NA,2.41,0.02,0.08,NA,0.28,NA,0.01,0.01,0.2,0.19,0.04,NA,1.5,1.36,NA,0.02,NA,NA,0.01,0.01,0.02,0.01,NA,9.61,1.44,2.38,NA,NA,NA,0.24,0.18,0.18,0.21,0.01,0.01,0.05,5.51,0.03,NA,NA,NA,0.14,0.22,0.17,0.23,0.18,0.88,0.01,3.41,1.33,NA,NA,NA,NA,0.2,0.16,0.21,0.18,0.01,1.22,2.55,2.44,0.07,NA,NA,0.03
"Time",0.02,0.22,0.17,0.29,NA,19.49,0.02,1.26,NA,NA,NA,NA,0.19,0.01,0.18,0.2,0.07,NA,1.41,1.49,NA,NA,NA,NA,0.19,0.2,0.01,0.01,NA,14.52,1.35,2.46,NA,NA,NA,NA,0.22,0.25,0.2,0.16,NA,NA,1.45,1.48,0.02,NA,NA,NA,0.21,0.22,0.01,0.16,0.89,12.47,3.59,0.02,NA,NA,NA,0.38,0.24,0.19,0.01,0.01,1.09,NA,1.35,2.48,NA,NA,NA,NA,0.01,0.29,0.17,0.01,0.79,0.77,0.02,0.01,NA,NA,NA,NA
"Time",0.19,0.19,0.17,0.01,0.04,0.01,1.14,1.23,NA,0.01,NA,NA,0.27,0.18,0.19,0.24,NA,NA,1.38,2.6,NA,0.08,NA,0.05,0.18,0.01,0.19,0.23,NA,NA,0.01,1.7,NA,NA,NA,NA,0.2,0.29,0.23,0.01,1.1,0.02,1.54,2.44,0.01,NA,NA,NA,0.18,0.01,0.16,0.18,1.02,0.02,3.41,8.52,NA,NA,NA,0.07,0.24,0.22,0.17,0.16,1.09,NA,0.03,3.55,NA,NA,NA,0.25,0.23,0.17,0.18,0.18,NA,2.38,2.63,2.54,NA,NA,NA,0.01
"Time",0.2,0.2,0.19,0.2,NA,0.01,1.49,1.34,NA,NA,NA,0.04,0.24,0.21,0.21,0.19,NA,NA,1.36,1.28,NA,NA,NA,NA,0.19,0.01,0.01,0.19,NA,NA,2.47,1.58,0.12,NA,NA,NA,0.37,0.01,0.17,0.16,NA,0.01,4.34,1.52,0.04,NA,NA,NA,0.01,0.18,0.01,0.23,0.04,NA,0.05,1.52,NA,NA,NA,NA,0.21,0.23,0.01,0.02,NA,18.67,1.43,1.14,NA,NA,0.06,NA,0.24,0.22,0.2,0.16,0.05,NA,2.43,0.07,NA,NA,0.59,NA
"Time",0.21,0.18,0.17,0.22,0.01,NA,0.03,0.05,NA,NA,NA,NA,0.01,0.02,0.21,0.2,0.01,NA,0.01,0.01,NA,NA,NA,NA,0.01,0.2,0.18,0.19,NA,NA,2.46,3.47,0.08,NA,NA,NA,0.18,0.17,0.21,0.18,NA,0.03,0.04,1.46,NA,0.06,NA,0.05,0.26,0.18,0.17,0.25,NA,NA,2.52,2.62,0.23,0.12,NA,0.02,0.18,0.22,0.24,0.01,NA,0.01,0.02,0.01,NA,NA,NA,NA,0.23,0.26,0.01,0.18,0.05,0.02,0.03,6.5,0.04,NA,NA,0.05
"Time",0.28,0.18,0.01,0.01,NA,NA,1.22,1.33,NA,NA,NA,0.07,0.01,0.01,0.15,0.2,NA,0.02,0.01,1.52,NA,NA,NA,NA,0.21,0.01,0.21,0.19,0.03,10.69,0.03,2.33,NA,NA,NA,0.06,0.2,0.21,0.16,0.2,0.01,0.04,1.45,3.33,NA,NA,NA,NA,0.19,0.01,0.19,0.16,NA,0.97,0.08,4.6,NA,NA,NA,0.03,0.26,0.17,0.01,0.22,0.04,NA,1.42,1.41,NA,0.08,NA,NA,0.26,0.22,0.01,0.21,NA,1.39,2.51,2.43,NA,NA,NA,NA
"Time",0.01,0.19,0.18,0.01,NA,0.03,1.33,1.46,NA,NA,0.11,NA,0.01,0.21,0.01,0.2,NA,NA,0.01,0.13,0.13,NA,NA,NA,0.21,0.17,0.02,0.24,NA,NA,1.33,1.3,NA,NA,NA,0.04,0.23,0.22,0.18,0.01,NA,3.6,1.42,0.03,NA,NA,NA,0.12,0.01,0.24,0.16,0.22,0.03,11.6,3.53,4.93,NA,NA,0.16,0.06,0.2,0.17,0.2,0.18,NA,NA,0.11,1.37,NA,NA,NA,NA,0.01,0.19,0.23,0.22,NA,18.88,4.62,0.06,NA,NA,0.01,NA
"Time",0.24,0.01,0.16,0.01,NA,0.07,1.3,1.31,NA,NA,NA,NA,0.21,0.2,0.22,0.01,NA,0.01,1.58,1.41,NA,NA,NA,NA,0.2,0.01,0.17,0.17,NA,0.01,1.64,2.5,0.1,NA,NA,NA,0.01,0.21,0.28,0.23,NA,NA,0.04,1.4,0.06,NA,NA,NA,0.2,0.18,0.19,0.2,0.03,NA,0.01,10.52,NA,NA,NA,NA,0.29,0.21,0.01,0.24,0.85,4.57,0.01,2.45,0.02,NA,NA,NA,0.01,0.01,0.19,0.19,0.95,NA,0.01,2.42,0.13,NA,NA,NA
"Time",0.02,0.21,0.17,0.01,NA,NA,1.3,1.47,NA,NA,0.04,NA,0.24,0.18,0.17,0.24,0.06,NA,1.53,1.43,NA,NA,NA,NA,0.01,0.28,0.01,0.03,NA,0.03,1.38,1.39,NA,NA,NA,NA,0.19,0.2,0.21,0.2,0.06,0.03,1.49,1.47,NA,0.13,NA,NA,0.01,0.22,0.19,0.2,NA,0.13,1.49,3.44,NA,NA,0.02,NA,0.2,0.01,0.19,0.19,NA,NA,1.75,1.44,NA,NA,NA,NA,0.25,0.01,0.26,0.21,1.07,NA,0.05,0.04,NA,NA,NA,0.13
"Time",0.19,0.19,0.01,0.22,NA,NA,1.16,1.29,NA,NA,NA,NA,0.41,0.01,0.18,0.23,NA,0.03,6.36,0.14,NA,NA,0.02,0.17,0.21,0.18,0.01,0.19,0.05,NA,3.42,1.47,NA,NA,NA,NA,0.19,0.01,0.22,0.18,NA,NA,1.44,1.42,0.03,NA,NA,NA,0.2,0.21,0.2,0.2,NA,NA,7.6,1.39,NA,0.14,NA,NA,0.26,0.22,0.19,0.2,NA,NA,3.36,0.01,NA,NA,NA,NA,0.22,0.22,0.21,0.01,0.96,0.03,1.48,2.65,0.26,NA,0.09,NA
"Time",0.27,0.18,0.22,0.21,0.03,0.02,1.28,0.01,NA,0.37,0.16,0.01,0.23,0.25,0.25,0.17,0.03,NA,0.04,3.48,NA,NA,NA,NA,0.01,0.23,0.23,0.17,NA,NA,1.45,1.4,NA,NA,NA,NA,0.3,0.2,0.18,0.01,NA,NA,1.55,2.46,NA,NA,0.25,0.1,0.01,0.21,0.23,0.18,0.03,NA,2.38,2.58,0.13,NA,NA,NA,0.2,0.02,0.2,0.27,NA,NA,1.54,1.39,NA,NA,NA,NA,0.01,0.17,0.01,0.19,0.76,0.01,6.57,3.53,NA,NA,NA,NA
"Time",0.2,0.18,0.2,0.18,NA,NA,1.38,1.12,NA,NA,NA,NA,1.16,0.23,0.15,0.01,NA,0.01,2.45,2.39,NA,NA,NA,0.01,0.22,0.01,0.02,0.2,0.88,NA,2.56,1.47,NA,NA,NA,0.01,0.01,0.29,0.18,0.23,NA,NA,3.45,1.49,NA,NA,NA,NA,0.25,0.24,0.25,0.2,0.8,10.76,2.62,3.58,NA,NA,NA,NA,0.22,0.01,0.17,0.27,1.17,NA,2.47,3.53,NA,NA,NA,NA,0.21,0.2,0.01,0.2,0.01,0.01,3.41,0.05,NA,NA,NA,NA
"Time",0.21,0.17,0.01,0.19,NA,0.02,0.03,1.29,NA,NA,NA,NA,0.21,0.02,0.22,0.01,NA,NA,4.44,1.45,NA,0.03,0.01,NA,0.26,0.01,0.01,0.26,NA,NA,1.44,1.37,NA,0.03,NA,NA,0.22,0.01,0.19,0.01,NA,NA,1.48,1.59,NA,0.35,NA,0.03,0.22,0.01,0.01,0.01,0.98,NA,5.54,7.65,NA,NA,NA,NA,0.19,0.17,0.19,0.21,NA,NA,1.54,7.5,NA,NA,NA,0.06,0.01,0.21,0.01,0.21,1.6,0.02,5.68,7.67,NA,NA,NA,0.13
"Time",0.23,0.24,0.23,0.02,0.01,18.56,1.29,1.28,NA,0.04,NA,NA,0.28,0.32,0.2,0.16,NA,NA,1.47,1.26,NA,NA,NA,NA,0.01,0.16,0.2,0.01,NA,8.52,0.01,3.32,NA,NA,NA,NA,0.23,0.01,0.18,0.2,0.05,NA,7.37,0.04,NA,0.07,NA,NA,0.01,0.17,0.01,0.18,NA,NA,4.5,1.56,NA,NA,NA,NA,0.2,0.22,0.01,0.22,0.03,9.49,1.56,0.04,NA,NA,NA,NA,0.19,0.17,0.22,0.01,NA,0.01,2.65,3.58,NA,NA,NA,0.06
"Time",0.2,0.27,0.2,0.16,0.04,NA,1.21,1.26,NA,NA,0.01,0.09,0.21,0.2,0.23,0.16,NA,14.6,1.62,2.49,0.02,NA,NA,NA,0.22,0.2,0.19,0.16,0.01,6.62,1.32,1.39,NA,NA,NA,0.11,0.17,0.01,0.21,0.22,NA,3.56,1.43,1.48,NA,0.27,0.01,NA,0.21,0.2,0.22,0.19,NA,0.01,2.42,3.71,NA,0.53,NA,NA,0.02,0.01,0.16,0.2,NA,NA,7.39,0.02,NA,0.2,NA,0.19,0.21,0.23,0.17,0.21,8.86,0.01,0.01,1.63,0.1,NA,NA,NA
"Time",0.21,0.28,0.2,0.22,NA,0.01,1.54,2.39,NA,NA,NA,NA,0.01,0.22,0.19,0.17,NA,19.62,1.39,1.57,0.03,0.06,NA,NA,0.01,0.24,0.2,0.2,0.03,NA,2.72,1.44,NA,NA,NA,0.04,0.01,0.24,0.01,0.18,NA,NA,0.02,1.41,NA,NA,0.02,0.01,0.01,0.18,0.02,0.19,NA,17.73,3.31,0.02,0.11,0.08,NA,0.06,0.23,0.21,0.03,0.18,NA,0.02,1.4,1.38,NA,0.06,NA,NA,0.2,0.21,0.22,0.23,NA,0.02,9.49,2.51,NA,NA,NA,NA
"Time",0.01,0.24,0.18,0.19,NA,0.07,1.48,1.49,0.02,NA,NA,NA,0.35,0.22,0.01,0.21,0.03,NA,0.01,1.22,NA,NA,NA,NA,0.27,0.24,0.24,0.19,0.08,15.64,4.48,1.3,NA,0.25,NA,NA,0.25,0.02,0.02,0.23,0.03,0.01,1.49,1.29,NA,NA,0.21,NA,0.17,0.01,0.02,0.19,0.03,NA,11.42,3.66,NA,NA,0.13,NA,0.01,0.19,0.2,0.18,0.02,0.01,9.5,1.34,NA,NA,NA,NA,0.26,0.25,0.17,0.01,0.98,0.01,2.36,1.46,NA,NA,NA,NA
"Time",0.23,0.24,0.26,0.19,NA,17.49,1.25,1.27,NA,NA,NA,NA,0.23,0.24,0.19,0.18,0.01,0.04,1.4,1.38,0.04,NA,NA,0.06,0.01,0.18,0.18,0.16,NA,NA,0.02,0.01,NA,NA,NA,0.09,0.2,0.18,0.17,0.18,NA,0.07,1.43,1.41,0.22,0.05,NA,NA,0.18,0.19,0.18,0.24,0.92,NA,1.49,3.59,NA,NA,0.1,0.09,0.27,0.19,0.21,0.19,0.01,NA,1.38,0.01,NA,NA,0.09,NA,0.23,0.28,0.18,0.17,NA,13.6,0.01,2.67,NA,NA,0.2,NA
"Time",0.01,0.2,0.18,0.18,NA,NA,0.03,1.24,NA,NA,NA,NA,0.01,0.02,0.01,0.18,NA,0.03,1.46,1.47,NA,NA,0.09,0.05,0.22,0.2,0.01,0.18,NA,NA,0.01,1.4,NA,NA,NA,NA,0.28,0.01,0.15,0.21,0.96,5.43,1.63,0.01,NA,NA,NA,NA,0.24,0.2,0.2,0.18,0.01,NA,2.5,0.03,NA,NA,NA,NA,0.16,0.21,0.18,0.19,0.04,NA,1.39,0.03,NA,NA,NA,NA,0.01,0.01,0.01,0.01,0.01,0.95,5.4,0.01,NA,NA,NA,NA
"Time",0.21,0.22,0.22,0.2,0.02,0.01,1.38,0.01,0.05,NA,NA,NA,0.18,0.28,0.18,0.23,0.01,NA,0.02,2.43,NA,NA,NA,NA,0.22,0.23,0.21,0.17,0.03,0.03,0.01,1.49,NA,0.09,NA,NA,0.01,0.24,0.17,0.17,NA,NA,0.02,1.5,NA,NA,NA,NA,0.22,0.2,0.2,0.22,0.01,9.71,2.61,2.47,NA,NA,0.03,NA,0.17,0.18,0.18,0.19,NA,2.4,0.02,1.63,NA,0.07,0.06,NA,0.01,0.2,0.2,0.16,NA,3.64,2.74,2.61,NA,NA,NA,NA
"Time",0.2,0.22,0.17,0.01,NA,4.52,1.22,1.42,NA,NA,NA,0.03,0.01,0.01,0.19,0.2,0.06,NA,5.41,1.34,NA,NA,0.1,NA,0.21,0.23,0.02,0.01,NA,0.05,1.6,0.03,0.21,0.04,NA,NA,0.19,0.18,0.2,0.01,NA,NA,0.07,0.08,NA,NA,0.07,NA,0.19,0.19,0.19,0.02,NA,1.09,3.47,2.45,NA,NA,NA,NA,0.2,0.22,0.01,0.24,NA,5.51,1.66,1.44,NA,NA,NA,0.02,0.25,0.21,0.22,0.23,0.92,NA,9.51,0.04,0.04,NA,0.11,NA
"Time",0.25,0.21,0.22,0.22,NA,NA,1.32,0.06,0.01,NA,NA,NA,0.22,0.18,0.21,0.01,NA,0.03,0.01,0.02,NA,NA,NA,0.01,0.01,0.01,0.21,0.22,0.04,NA,1.39,1.26,0.01,NA,NA,NA,0.22,0.01,0.18,0.17,NA,NA,2.45,0.01,0.07,NA,NA,NA,0.17,0.18,0.2,0.2,0.03,0.06,5.64,1.64,NA,NA,NA,NA,0.21,0.01,0.19,0.18,NA,NA,2.62,0.03,NA,0.06,NA,NA,0.2,0.2,0.01,0.01,0.92,14.75,0.01,8.46,0.09,0.07,NA,NA
"Time",0.22,0.17,0.18,0.18,0.03,NA,1.41,0.01,0.24,NA,NA,NA,0.24,0.2,0.19,0.02,0.01,NA,1.38,1.37,NA,NA,0.01,NA,0.18,0.01,0.01,0.01,NA,NA,1.46,1.37,NA,0.09,NA,NA,0.18,0.01,0.2,0.2,NA,NA,6.41,0.06,0.29,NA,NA,NA,0.16,0.19,0.18,0.2,1.14,0.02,2.5,1.47,NA,NA,0.05,NA,0.29,0.22,0.2,0.2,0.85,NA,2.58,2.41,NA,NA,NA,NA,0.2,0.01,0.17,0.16,NA,0.73,5.45,3.48,NA,NA,NA,NA
"Time",0.31,0.01,0.21,0.18,NA,NA,1.19,1.3,0.11,NA,NA,NA,0.01,0.23,0.22,0.2,NA,NA,1.42,4.44,NA,NA,NA,NA,0.19,0.19,0.24,0.01,NA,NA,2.44,1.47,NA,NA,NA,NA,0.22,0.22,0.22,0.22,NA,0.03,5.39,3.5,0.23,0.27,NA,0.05,0.21,0.01,0.01,0.18,NA,15.48,2.56,1.69,NA,0.06,NA,NA,0.02,0.2,0.18,0.19,NA,5.43,2.68,1.52,NA,NA,NA,NA,0.2,0.25,0.01,0.17,NA,0.03,2.51,2.56,NA,0.15,0.09,NA
"Time",0.23,0.19,0.19,0.25,NA,NA,0.02,1.32,NA,NA,NA,NA,0.19,0.01,0.2,0.21,NA,0.07,1.39,0.02,0.2,NA,NA,NA,0.23,0.2,0.22,0.22,NA,NA,2.39,1.48,NA,0.22,NA,NA,0.2,0.02,0.2,0.18,NA,2.45,4.48,1.44,NA,NA,NA,NA,0.18,0.21,0.24,0.24,NA,0.02,2.58,0.03,NA,0.12,NA,NA,0.01,0.2,0.19,0.01,NA,NA,1.4,3.46,0.09,0.04,NA,NA,0.2,0.22,0.21,0.17,0.99,NA,0.01,0.01,NA,NA,NA,NA
"Time",0.01,0.19,0.19,0.18,NA,3.4,0.06,0.05,NA,NA,0.01,0.35,0.19,0.22,0.01,0.18,NA,0.02,2.43,1.4,NA,0.03,NA,0.09,0.19,0.19,0.19,0.17,NA,NA,2.35,0.02,0.05,NA,NA,NA,0.01,0.22,0.18,0.03,NA,NA,0.04,1.56,NA,NA,NA,0.79,0.19,0.22,0.16,0.23,NA,NA,10.36,0.01,NA,NA,0.17,0.08,0.22,0.2,0.17,0.21,NA,0.02,1.51,1.34,NA,0.08,0.12,NA,0.23,0.19,0.26,0.21,NA,0.97,7.48,2.53,NA,NA,NA,NA
"Time",0.01,0.2,0.21,0.01,NA,2.49,3.37,1.26,0.15,NA,NA,NA,0.01,0.19,0.01,0.2,NA,NA,1.46,1.34,0.32,NA,NA,NA,0.01,0.21,0.17,0.01,NA,0.05,2.49,1.6,0.08,NA,NA,0.02,0.18,0.01,0.21,0.01,0.01,NA,1.43,1.35,NA,NA,NA,NA,0.02,0.22,0.19,0.2,1.1,0.75,2.56,2.5,NA,NA,0.13,0.12,0.21,0.22,0.02,0.16,NA,NA,3.49,2.45,0.33,NA,0.12,NA,0.01,0.19,0.01,0.2,0.87,0.01,6.57,4.46,NA,NA,NA,NA
"Time",0.25,0.01,0.01,0.2,NA,NA,1.18,1.31,NA,0.03,NA,NA,0.19,0.22,0.17,0.01,0.01,NA,1.46,1.5,NA,0.01,NA,NA,0.21,0.22,0.2,0.22,NA,NA,1.35,0.03,0.01,NA,NA,NA,0.27,0.28,0.21,0.01,0.04,NA,1.4,1.38,0.06,NA,0.03,NA,0.23,0.16,0.22,0.22,10.75,1.06,0.03,14.89,0.03,NA,NA,NA,0.26,0.01,0.2,0.22,NA,NA,1.27,1.41,NA,0.01,0.03,NA,0.21,0.2,0.24,0.01,NA,2.39,3.61,0.02,NA,0.1,NA,NA
"Time",0.34,0.01,0.24,0.16,NA,0.03,8.43,1.24,NA,NA,0.05,NA,0.19,0.18,0.21,0.2,NA,NA,1.46,0.03,NA,NA,NA,NA,0.2,0.02,0.19,0.15,0.03,NA,1.4,1.36,0.16,NA,NA,0.34,0.19,0.21,0.19,0.21,19.53,0.01,1.48,1.45,NA,NA,0.01,NA,0.19,0.22,0.18,0.19,0.01,NA,1.55,6.54,NA,NA,0.04,NA,0.22,0.18,0.01,0.01,NA,NA,0.01,0.02,NA,NA,NA,NA,0.2,0.18,0.25,0.18,NA,1.13,1.52,0.08,NA,NA,0.15,NA
"Time",0.03,0.24,0.2,0.21,NA,NA,0.01,1.19,NA,NA,NA,NA,0.01,0.18,0.19,0.19,0.02,NA,1.25,1.43,NA,NA,NA,0.07,0.22,0.16,0.01,0.22,NA,NA,1.45,1.31,NA,NA,NA,NA,0.24,0.22,0.21,0.19,0.92,NA,1.44,2.46,0.23,NA,NA,NA,0.19,0.01,0.19,0.01,NA,NA,6.3,2.44,NA,NA,NA,NA,0.19,0.01,0.01,0.2,NA,0.01,1.53,1.43,NA,0.06,NA,NA,0.2,0.21,0.01,0.01,0.94,NA,4.6,4.45,NA,NA,NA,NA
"Time",0.28,0.2,0.01,0.01,0.04,NA,1.36,1.23,NA,NA,NA,NA,0.17,0.2,0.24,0.21,NA,5.68,0.01,2.45,NA,NA,NA,0.21,0.02,0.2,0.2,0.18,0.02,0.04,1.41,1.59,NA,NA,0.02,NA,0.18,0.19,0.18,0.2,NA,NA,1.36,0.06,0.09,0.01,NA,NA,0.01,0.18,0.28,0.19,0.01,4.35,2.51,2.46,0.01,NA,0.15,NA,0.01,0.22,0.27,0.19,NA,3.64,1.41,0.01,NA,NA,NA,NA,0.25,0.22,0.01,0.2,NA,0.99,10.6,0.11,NA,NA,0.03,NA
"Time",0.32,0.23,0.2,0.18,NA,0.04,2.33,1.2,NA,NA,0.05,NA,0.33,0.01,0.01,0.19,NA,17.52,1.38,1.51,NA,NA,NA,0.05,0.01,0.24,0.23,0.19,NA,NA,1.45,2.5,0.03,NA,NA,NA,0.23,0.01,0.21,0.01,0.02,NA,1.49,4.44,0.06,0.01,NA,NA,0.01,0.21,0.01,0.27,0.01,NA,0.01,2.58,NA,NA,NA,NA,0.18,0.26,0.22,0.22,1.4,NA,2.59,2.56,NA,NA,NA,NA,0.21,0.01,0.01,0.18,0.88,0.02,1.64,7.51,NA,NA,NA,0.24
"Time",0.18,0.18,0.24,0.01,NA,0.02,1.43,1.2,NA,0.07,NA,NA,0.01,0.2,0.2,0.19,NA,NA,2.5,2.37,NA,NA,NA,0.02,0.19,0.19,0.21,0.17,NA,NA,0.01,1.47,0.03,0.04,NA,NA,0.16,0.34,0.01,0.02,NA,3.5,0.01,3.41,NA,NA,0.11,0.23,0.18,0.2,0.17,0.01,0.85,10.59,5.65,1.53,NA,NA,0.03,0.05,0.29,0.19,0.01,0.22,NA,0.01,1.34,0.07,NA,0.03,NA,0.08,0.01,0.17,0.02,0.17,0.01,18.7,5.58,2.52,NA,0.11,NA,NA
"Time",0.01,0.01,0.17,0.23,0.01,NA,1.24,1.3,NA,NA,NA,NA,0.18,0.18,0.2,0.24,NA,NA,0.02,2.38,NA,NA,0.08,NA,0.22,0.17,0.19,0.22,0.02,16.63,1.27,0.01,NA,0.15,NA,0.11,0.01,0.2,0.21,0.24,NA,0.01,3.49,1.48,0.08,NA,NA,0.21,0.02,0.01,0.18,0.18,0.82,0.03,1.56,0.04,NA,0.32,NA,NA,0.22,0.17,0.01,0.18,NA,NA,0.05,8.54,NA,NA,NA,NA,0.2,0.19,0.2,0.19,NA,NA,2.67,0.02,NA,NA,NA,NA
"Time",0.21,0.01,0.01,0.01,NA,0.03,0.01,1.47,NA,0.06,0.09,NA,0.18,0.17,0.21,0.2,0.01,NA,0.02,1.47,NA,0.06,NA,NA,0.21,0.24,0.18,0.2,NA,0.02,4.42,0.02,NA,0.01,0.11,NA,0.22,0.21,0.01,0.21,0.01,NA,1.4,1.5,0.24,NA,0.02,0.03,0.01,0.18,0.19,0.01,0.03,NA,6.64,4.59,NA,0.04,NA,NA,0.01,0.28,0.18,0.23,0.01,NA,4.47,2.45,0.07,0.07,NA,NA,0.19,0.23,0.21,0.01,0.95,NA,4.6,3.75,NA,0.12,NA,NA
"Time",0.29,0.2,0.21,0.18,NA,NA,0.1,1.5,0.09,NA,NA,NA,0.21,0.22,0.21,0.21,NA,NA,1.38,1.42,NA,0.11,0.13,NA,0.01,0.17,0.02,0.28,0.02,0.03,0.04,1.57,NA,0.04,NA,NA,0.22,0.23,0.19,0.26,0.01,0.05,4.49,1.54,0.1,NA,NA,0.04,0.29,0.17,0.19,0.22,NA,0.07,3.57,1.54,NA,NA,NA,0.15,0.17,0.25,0.01,0.22,NA,NA,2.4,1.38,NA,NA,NA,NA,0.22,0.2,0.28,0.2,0.71,NA,11.34,6.47,NA,NA,NA,NA
"Time",0.21,0.18,0.01,0.2,NA,NA,0.1,1.28,NA,0.17,NA,NA,0.24,0.19,0.18,0.01,NA,0.05,4.46,1.31,0.02,0.11,0.24,NA,0.18,0.19,0.2,0.21,0.01,0.03,1.28,0.01,NA,NA,NA,NA,0.24,0.01,0.18,0.01,NA,NA,5.39,2.5,NA,NA,NA,0.06,0.01,0.25,0.19,0.2,0.85,NA,0.07,0.03,NA,NA,NA,0.06,0.32,0.24,0.16,0.19,NA,NA,2.45,2.31,NA,NA,NA,NA,0.19,0.18,0.22,0.23,0.89,1.06,12.64,10.68,NA,NA,NA,NA
"Time",0.23,0.29,0.16,0.01,NA,NA,0.01,1.2,NA,NA,0.03,0.07,0.01,0.01,0.22,0.24,NA,NA,1.28,2.4,NA,NA,NA,NA,0.25,0.24,0.22,0.25,NA,NA,1.37,0.01,NA,NA,NA,NA,0.01,0.22,0.2,0.17,NA,NA,1.51,1.41,0.01,NA,NA,0.06,0.19,0.18,0.16,0.01,NA,0.06,1.64,0.01,0.23,NA,NA,0.04,0.22,0.2,0.16,0.23,1.04,15.56,1.74,0.02,NA,NA,NA,0.02,0.21,0.16,0.2,0.18,0.01,0.02,0.04,1.51,NA,NA,NA,NA
"Time",0.32,0.24,0.18,0.01,NA,3.42,1.27,1.3,NA,NA,NA,NA,0.21,0.21,0.2,0.31,NA,NA,1.33,0.01,NA,NA,NA,0.06,0.2,0.01,0.19,0.23,0.98,0.02,4.39,0.05,0.01,NA,NA,NA,0.18,0.2,0.01,0.01,NA,NA,1.4,2.43,NA,0.28,NA,NA,0.19,0.19,0.21,0.01,NA,NA,4.78,3.66,NA,NA,NA,0.17,0.01,0.04,0.01,0.14,NA,NA,0.01,2.43,NA,NA,0.08,NA,0.21,0.18,0.01,0.19,16.43,0.01,2.39,0.07,0.17,NA,0.03,0.12
"Time",0.19,0.01,0.17,0.01,NA,0.01,2.42,1.3,NA,NA,NA,NA,0.26,0.01,0.01,0.19,NA,NA,1.31,1.34,NA,0.09,NA,0.04,0.2,0.16,0.22,0.17,0.01,NA,5.35,1.39,NA,NA,NA,NA,0.2,0.21,0.18,0.01,NA,NA,1.35,1.35,NA,NA,NA,NA,0.01,0.19,0.02,0.2,NA,NA,2.74,4.38,NA,NA,0.28,0.05,0.01,0.01,0.22,0.21,NA,0.01,0.07,2.52,0.01,NA,NA,0.03,0.23,0.18,0.01,0.01,0.95,0.78,0.01,8.63,NA,NA,NA,NA
"Time",0.01,0.22,0.22,0.18,NA,NA,0.02,1.3,NA,NA,NA,NA,0.3,0.2,0.22,0.19,NA,NA,0.02,1.4,NA,0.09,0.08,NA,0.02,0.21,0.02,0.02,0.05,NA,1.36,1.44,NA,NA,NA,NA,0.2,0.24,0.19,0.2,1.17,NA,0.01,1.29,NA,NA,NA,0.02,0.25,0.22,0.02,0.18,NA,0.01,0.02,3.56,NA,NA,NA,NA,0.34,0.18,0.18,0.23,0.96,2.75,0.04,0.01,NA,NA,0.11,NA,0.19,0.24,0.16,0.01,NA,NA,0.03,3.61,NA,NA,0.01,NA
"Time",0.01,0.01,0.17,0.2,1.37,NA,0.05,1.22,0.26,0.04,0.04,NA,0.25,0.2,0.17,0.25,NA,NA,1.36,0.01,NA,NA,NA,0.09,0.18,0.19,0.17,0.01,0.01,11.41,1.46,1.52,NA,NA,0.02,NA,0.18,0.2,0.16,0.17,NA,17.7,0.01,1.29,NA,NA,0.03,NA,0.19,0.22,0.2,0.23,0.06,NA,2.52,3.54,NA,NA,NA,0.14,0.01,0.2,0.17,0.2,0.03,NA,2.54,3.54,NA,NA,NA,0.32,0.19,0.17,0.18,0.01,NA,14.69,1.53,3.52,0.08,NA,NA,NA
"Time",0.01,0.22,0.17,0.18,NA,NA,0.03,1.22,NA,0.18,0.11,0.02,0.21,0.28,0.2,0.04,NA,NA,1.2,0.04,NA,NA,NA,0.03,0.19,0.01,0.02,0.18,NA,NA,0.02,1.4,0.11,NA,NA,NA,0.18,0.23,0.19,0.19,0.01,0.07,2.42,0.02,NA,0.33,NA,0.12,0.21,0.15,0.19,0.19,19.8,NA,0.01,5.58,NA,NA,0.06,NA,0.15,0.01,0.25,0.01,NA,NA,0.02,5.62,0.18,NA,0.01,NA,0.21,0.19,0.16,0.2,0.83,NA,0.01,4.61,NA,0.08,NA,0.03
"Time",0.25,0.19,0.21,0.23,NA,NA,2.26,1.19,NA,0.13,NA,NA,0.19,0.35,0.01,0.2,NA,6.46,0.04,1.3,0.05,NA,0.09,0.18,0.2,0.18,0.01,0.22,0.05,NA,0.01,1.52,0.14,NA,0.02,0.04,0.19,0.23,0.17,0.2,NA,NA,3.42,1.33,NA,NA,NA,NA,0.25,0.25,0.22,0.19,0.01,NA,2.58,0.79,NA,NA,0.03,NA,0.27,0.23,0.24,0.17,0.06,NA,1.46,1.58,0.05,NA,NA,0.07,0.23,0.01,0.2,0.17,NA,NA,0.02,3.47,0.02,NA,0.14,0.27
"Time",0.21,0.19,0.01,0.21,NA,NA,1.26,1.26,NA,NA,NA,NA,0.23,0.23,0.19,0.2,NA,NA,5.38,0.01,NA,0.01,0.44,NA,0.28,0.01,0.01,0.01,NA,NA,1.49,1.35,NA,0.04,NA,0.06,0.21,0.01,0.2,0.03,NA,NA,1.42,1.46,NA,0.05,NA,NA,0.24,0.01,0.19,0.01,NA,7.64,1.42,2.5,0.04,NA,NA,NA,0.01,0.17,0.2,0.01,NA,NA,0.02,5.31,NA,0.02,NA,NA,0.2,0.19,0.24,0.17,1.13,1.17,5.42,2.48,0.01,NA,NA,NA
"Time",0.22,0.22,0.22,0.19,NA,NA,1.5,0.01,NA,NA,NA,NA,0.01,0.48,0.27,0.14,NA,NA,1.52,1.33,0.07,NA,NA,NA,0.18,0.21,0.2,0.2,NA,16.4,2.38,1.28,0.13,0.26,NA,NA,0.01,0.22,0.01,0.21,NA,NA,3.38,1.38,NA,NA,NA,NA,0.21,0.01,0.01,0.22,1.1,0.09,2.66,2.36,NA,NA,NA,NA,0.18,0.19,0.18,0.18,NA,8.57,2.48,1.31,0.09,NA,NA,0.01,0.23,0.19,0.19,0.16,0.77,5.64,5.55,6.5,0.03,NA,NA,NA
"Time",0.3,0.22,0.21,0.2,0.01,NA,0.02,1.34,0.03,0.02,NA,NA,0.01,0.01,0.2,0.17,12.51,0.1,1.31,1.32,NA,NA,NA,NA,0.01,0.24,0.21,0.17,NA,NA,1.42,0.02,NA,NA,NA,NA,0.18,0.19,0.01,0.18,0.01,0.11,1.44,1.49,NA,NA,NA,NA,0.01,0.17,0.17,0.2,0.01,0.05,6.5,0.01,0.09,NA,NA,NA,0.18,0.28,0.18,0.01,NA,5.67,5.33,1.36,NA,NA,NA,NA,0.22,0.2,0.27,0.22,1.37,0.8,2.48,4.68,NA,0.28,0.17,NA
"Time",0.2,0.22,0.21,0.01,0.07,0.05,0.05,0.04,NA,NA,NA,NA,0.21,0.18,0.03,0.18,NA,0.04,1.22,1.38,NA,0.01,0.01,NA,0.25,0.21,0.19,0.15,NA,0.02,1.44,1.34,NA,NA,NA,NA,0.25,0.26,0.24,0.17,NA,10.59,4.45,1.19,NA,NA,NA,0.32,0.19,0.33,0.18,0.02,0.77,0.01,2.38,3.5,NA,NA,NA,NA,0.2,0.22,0.19,0.21,NA,0.02,2.46,1.46,0.01,NA,NA,NA,0.2,0.22,0.18,0.21,0.77,NA,5.56,2.27,0.17,NA,NA,NA
"Time",0.01,0.19,0.01,0.01,NA,NA,0.02,0.05,NA,NA,NA,NA,0.01,0.21,0.23,0.21,0.01,6.62,1.42,0.01,NA,NA,NA,NA,0.17,0.18,0.19,0.18,0.02,0.01,0.01,1.5,NA,NA,NA,NA,0.23,0.21,0.02,0.01,0.01,NA,1.48,1.44,NA,0.1,NA,NA,0.22,0.21,0.18,0.01,1.01,0.04,5.54,1.76,0.13,NA,NA,NA,0.22,0.17,0.01,0.01,3.49,7.61,1.5,1.35,0.31,NA,NA,NA,0.21,0.17,0.01,0.21,NA,NA,2.35,6.71,0.12,NA,NA,NA
"Time",0.31,0.22,0.2,0.32,NA,0.03,2.27,1.3,NA,NA,0.02,NA,0.25,0.25,0.18,0.16,NA,12.36,0.04,1.24,NA,0.03,NA,NA,0.02,0.17,0.2,0.18,NA,NA,0.01,0.02,0.4,NA,NA,NA,0.01,0.16,0.21,0.02,NA,NA,3.63,0.03,0.01,NA,0.14,NA,0.21,0.24,0.19,0.01,NA,0.02,2.41,4.82,NA,0.08,NA,NA,0.01,0.18,0.19,0.21,NA,NA,1.54,1.31,0.05,0.09,0.02,NA,0.01,0.19,0.02,0.2,NA,NA,2.63,0.03,NA,NA,NA,NA
"Time",0.24,0.19,0.22,0.23,NA,0.1,1.15,1.17,NA,NA,NA,0.05,0.17,0.22,0.19,0.19,0.01,0.01,7.36,0.01,NA,NA,NA,NA,0.23,0.01,0.21,0.01,NA,NA,0.03,3.55,0.13,NA,NA,NA,0.26,0.2,0.01,0.01,0.02,NA,2.4,1.52,0.08,NA,NA,NA,0.25,0.24,0.18,0.19,0.01,15.38,1.59,0.03,0.07,NA,NA,NA,0.26,0.01,0.01,0.19,0.84,NA,0.01,0.01,NA,NA,0.05,NA,0.23,0.2,0.18,0.22,0.98,NA,2.65,2.5,0.01,NA,NA,NA
"Time",0.22,0.19,0.01,0.15,NA,NA,0.01,0.06,NA,NA,NA,NA,0.02,0.17,0.2,0.17,NA,NA,1.23,2.44,NA,NA,NA,NA,0.23,0.01,0.17,0.18,NA,NA,1.41,0.01,NA,NA,0.1,NA,0.25,0.21,0.21,0.21,0.96,0.01,1.41,1.47,NA,NA,0.04,0.05,0.2,0.19,0.2,0.19,1.09,NA,2.49,2.36,0.32,NA,NA,NA,0.01,0.19,0.18,0.23,NA,NA,1.55,6.59,NA,NA,NA,NA,0.2,0.01,0.01,0.01,0.89,NA,2.52,2.53,NA,NA,NA,NA
"Time",0.01,0.26,0.18,0.18,NA,0.01,0.03,1.3,0.06,NA,NA,0.15,0.24,0.01,0.22,0.19,NA,5.65,1.49,1.27,NA,0.01,NA,0.15,0.19,0.01,0.19,0.24,0.02,0.02,0.04,1.28,NA,NA,NA,0.23,0.25,0.19,0.01,0.02,0.01,NA,1.45,0.02,NA,NA,0.08,NA,0.26,0.24,0.2,0.17,NA,NA,2.62,1.73,NA,NA,NA,NA,0.2,0.01,0.19,0.17,NA,0.01,0.02,2.55,NA,NA,NA,NA,0.23,0.23,0.03,0.22,NA,NA,0.07,0.01,NA,NA,NA,NA
"Time",0.24,0.21,0.01,0.2,NA,NA,1.28,1.35,NA,0.03,NA,0.25,0.26,0.01,0.2,0.23,NA,NA,1.45,0.03,NA,NA,0.01,NA,0.22,0.01,0.19,0.22,NA,15.84,1.48,1.5,NA,NA,0.11,NA,0.18,0.22,0.21,0.2,NA,2.36,6.5,0.02,0.03,NA,NA,NA,0.21,0.17,0.01,0.2,1.12,NA,2.56,6.64,NA,NA,NA,0.09,0.21,0.2,0.19,0.22,NA,NA,7.39,4.49,0.03,NA,0.03,0.37,0.2,0.22,0.24,0.01,NA,0.02,6.59,0.7,NA,NA,NA,NA
"Time",0.28,0.18,0.2,0.22,NA,NA,2.58,1.33,0.36,0.12,NA,NA,0.01,0.29,0.16,0.21,0.02,NA,1.43,0.01,NA,0.08,NA,NA,0.24,0.2,0.01,0.01,NA,0.01,0.03,1.49,NA,NA,NA,NA,0.21,0.01,0.2,0.01,NA,0.02,0.1,1.45,NA,NA,NA,0.04,0.32,0.2,0.21,0.22,NA,17.87,0.01,2.48,NA,0.04,NA,NA,0.01,0.01,0.2,0.26,NA,NA,1.51,0.03,NA,0.03,0.03,NA,0.18,0.17,0.22,0.01,NA,0.84,1.41,2.42,0.09,NA,NA,NA
"Time",0.26,0.25,0.01,0.17,0.03,3.74,1.31,1.3,NA,NA,NA,NA,0.23,0.02,0.18,0.23,0.01,NA,1.43,1.15,NA,0.02,NA,NA,0.01,0.21,0.17,0.22,NA,NA,1.45,1.41,NA,0.05,NA,0.36,0.24,0.01,0.01,0.01,NA,NA,0.01,1.35,NA,0.1,NA,NA,0.01,0.02,0.01,0.2,NA,NA,12.64,0.02,NA,0.15,NA,NA,0.01,0.27,0.18,0.21,NA,0.01,2.52,2.52,NA,NA,NA,NA,0.18,0.27,0.23,0.02,13.91,0.99,3.46,2.53,NA,NA,0.08,0.23
"Time",0.28,0.26,0.21,0.16,0.03,0.09,1.37,1.27,NA,NA,NA,0.02,0.23,0.27,0.19,0.01,NA,NA,1.32,0.01,NA,0.02,0.04,NA,0.2,0.22,0.01,0.19,0.08,0.03,0.04,1.45,0.17,NA,NA,NA,0.25,0.01,0.01,0.16,NA,NA,0.02,1.38,NA,NA,NA,NA,0.2,0.01,0.19,0.21,0.06,0.02,2.53,1.63,NA,NA,NA,NA,0.23,0.23,0.19,0.2,NA,NA,2.43,1.44,NA,NA,NA,NA,0.18,0.2,0.22,0.01,0.09,5.52,1.44,2.62,NA,NA,NA,NA
"Time",0.2,0.01,0.01,0.01,NA,NA,1.4,0.09,0.1,NA,NA,0.26,0.31,0.23,0.17,0.17,NA,NA,0.09,0.01,NA,NA,NA,NA,0.21,0.23,0.22,0.19,0.93,NA,1.25,1.37,0.03,NA,NA,NA,0.22,0.01,0.18,0.19,NA,NA,1.26,2.52,NA,NA,NA,NA,0.01,0.19,0.18,0.01,0.01,0.01,2.39,0.02,NA,NA,NA,NA,0.2,0.02,0.17,0.18,NA,0.05,1.32,1.51,NA,NA,NA,NA,0.2,0.18,0.01,0.18,NA,1.51,3.52,2.47,0.17,NA,0.03,NA
"Time",0.2,0.19,0.02,0.17,0.03,NA,0.01,0.02,0.26,NA,NA,NA,0.22,0.17,0.01,0.17,NA,6.51,0.03,0.08,NA,NA,NA,NA,0.29,0.01,0.18,0.01,0.02,NA,0.01,0.02,NA,NA,NA,NA,0.22,0.19,0.18,0.02,0.02,NA,4.5,2.48,NA,NA,0.01,NA,0.19,0.18,0.19,0.21,NA,NA,2.52,6.63,0.06,NA,0.45,NA,0.19,0.01,0.24,0.16,NA,NA,1.43,7.38,NA,0.03,NA,0.04,0.01,0.18,0.01,0.24,NA,8.76,4.68,5.62,NA,NA,NA,NA
"Time",1.57,0.21,0.18,0.01,NA,NA,0.05,2.39,NA,NA,NA,NA,0.2,0.24,0.01,0.18,0.04,NA,0.01,1.28,0.17,0.01,0.01,NA,0.02,0.24,0.21,0.01,NA,9.52,0.08,1.49,NA,NA,NA,NA,0.19,0.22,0.17,0.21,NA,NA,0.02,0.02,NA,0.1,NA,NA,0.22,0.18,0.2,0.26,NA,NA,7.43,5.62,NA,0.01,NA,NA,0.26,0.17,0.01,0.01,NA,0.01,0.02,3.48,NA,NA,NA,NA,0.18,0.01,0.27,0.22,0.79,0.02,0.03,0.02,0.04,NA,NA,0.11
"Time",0.81,0.28,0.01,0.19,NA,4.44,1.35,1.37,NA,NA,NA,NA,0.18,0.21,0.19,0.21,NA,NA,0.01,3.36,NA,NA,NA,NA,0.15,0.2,0.19,0.2,0.01,NA,1.4,0.12,0.06,0.03,NA,0.03,0.23,0.17,0.01,0.19,NA,NA,0.03,1.44,0.14,0.03,NA,0.01,0.01,0.2,0.2,0.22,0.97,NA,8.83,0.03,NA,NA,0.02,NA,0.24,0.2,0.18,0.18,0.01,NA,1.5,2.35,NA,NA,0.16,NA,0.17,0.19,0.02,0.01,0.76,NA,11.6,2.47,NA,0.05,NA,0.02
"Time",0.01,0.21,0.01,0.18,0.02,0.01,1.35,1.29,NA,NA,NA,NA,0.2,0.01,0.18,0.01,0.01,18.5,0.01,1.36,0.11,NA,0.31,NA,0.3,0.18,0.01,0.25,NA,NA,1.35,1.37,0.1,NA,NA,0.1,0.01,0.18,0.01,0.21,NA,0.02,1.41,1.39,NA,NA,0.04,NA,0.25,0.18,0.2,0.02,0.07,0.01,2.4,1.27,0.09,NA,NA,0.01,0.01,0.24,0.18,0.2,0.01,0.03,0.01,1.28,NA,NA,NA,NA,0.19,0.21,0.18,0.01,0.08,0.76,0.01,1.49,0.15,NA,NA,NA
"Time",0.01,0.22,0.19,0.17,NA,0.01,0.05,1.53,0.06,NA,NA,NA,0.26,0.18,0.21,0.29,NA,13.44,1.26,0.07,NA,0.02,0.05,NA,0.01,0.21,0.22,0.22,NA,NA,3.43,1.43,0.03,NA,NA,NA,0.23,0.01,0.24,0.23,0.01,NA,1.34,3.45,0.1,NA,NA,0.05,0.19,0.21,0.2,0.01,NA,NA,8.55,0.01,0.09,NA,NA,0.14,0.25,0.2,0.18,0.2,0.02,1.46,1.45,1.42,0.01,0.08,0.17,NA,0.19,0.01,0.01,0.24,0.92,NA,0.03,3.63,NA,NA,NA,NA
"Time",0.22,0.01,0.22,0.2,NA,0.01,1.37,1.39,NA,0.07,NA,NA,0.26,0.21,0.22,0.2,0.03,NA,1.4,2.51,NA,0.07,0.01,NA,0.29,0.18,0.01,0.15,0.06,NA,1.53,1.54,NA,NA,NA,NA,0.01,0.22,0.18,0.01,NA,NA,1.4,2.42,NA,NA,0.01,0.16,0.25,0.19,0.23,0.16,NA,NA,2.47,5.58,0.16,0.02,0.06,NA,0.2,0.25,0.19,0.18,NA,14.48,1.31,0.01,0.01,NA,NA,NA,0.18,0.25,0.2,0.2,NA,0.02,0.02,10.54,NA,NA,NA,NA
"Time",0.03,0.26,0.21,0.17,NA,NA,1.37,1.43,0.05,NA,0.06,NA,0.22,0.02,0.21,0.29,0.02,2.61,2.5,1.31,NA,0.1,NA,NA,0.01,0.27,0.18,0.19,0.01,0.07,1.49,1.39,NA,0.07,NA,NA,0.21,0.01,0.21,0.18,1,NA,0.05,2.37,NA,NA,NA,NA,0.19,0.01,0.01,0.18,0.01,NA,3.6,10.69,NA,NA,0.03,NA,0.21,0.01,0.01,0.01,0.98,NA,4.39,1.4,NA,NA,NA,NA,0.22,0.23,0.21,0.01,0.84,1.25,10.57,15.55,NA,NA,NA,NA
"Time",0.25,0.25,0.19,0.21,NA,15.45,2.43,0.03,NA,NA,NA,NA,0.19,0.2,0.18,0.21,0.08,NA,1.53,1.39,NA,0.17,NA,NA,0.01,0.24,0.01,0.21,NA,NA,1.39,1.32,NA,NA,NA,NA,0.19,0.01,0.19,0.23,0.11,NA,6.52,1.25,NA,0.08,0.07,NA,0.19,0.23,0.18,0.01,NA,NA,8.44,8.75,NA,NA,0.07,0.02,0.23,0.17,0.01,0.22,NA,NA,1.46,2.45,NA,0.04,NA,NA,0.22,0.17,0.23,0.19,NA,1.03,3.6,2.36,0.05,NA,NA,NA
"Time",0.22,0.2,0.21,0.18,0.01,NA,0.06,0.01,0.26,NA,0.01,NA,0.19,0.19,0.19,0.15,NA,NA,0.01,0.03,0.01,NA,NA,0.02,0.2,0.34,0.2,0.01,NA,0.01,0.01,1.52,NA,NA,NA,NA,0.18,0.19,0.22,0.22,NA,0.02,4.19,0.12,NA,NA,NA,NA,0.01,0.2,0.21,0.19,NA,0.1,0.04,0.02,0.07,NA,NA,NA,0.25,0.23,0.22,0.21,NA,0.04,1.6,1.45,NA,NA,NA,NA,0.19,0.21,0.16,0.23,0.02,1.23,3.27,6.34,NA,0.02,NA,NA
"Time",0.01,0.21,0.21,0.22,NA,NA,0.03,1.2,NA,NA,NA,NA,0.2,0.2,0.21,0.18,NA,0.03,1.4,2.54,NA,NA,NA,NA,0.01,0.16,0.01,0.23,0.01,0.09,0.01,1.71,NA,NA,NA,NA,0.2,0.02,0.01,0.15,NA,0.03,2.48,5.59,NA,NA,NA,NA,0.24,0.01,0.01,0.18,0.9,15.58,0.05,1.59,NA,NA,NA,0.06,0.16,0.01,0.01,0.27,NA,NA,2.45,1.43,NA,0.06,NA,0.01,0.18,0.01,0.01,0.2,1.16,0.65,6.51,2.45,NA,NA,NA,NA
"Time",0.02,0.23,0.01,0.18,NA,NA,1.31,2.35,NA,NA,0.16,NA,0.01,0.21,0.2,0.01,NA,NA,1.42,1.38,0.2,NA,NA,NA,0.23,0.18,0.2,0.24,3.32,0.02,0.02,3.41,NA,NA,NA,NA,0.01,0.22,0.18,0.17,1.2,NA,0.03,1.55,NA,NA,NA,NA,0.22,0.2,0.27,0.2,0.01,NA,2.34,5.59,0.39,0.19,NA,NA,0.23,0.01,0.19,0.24,NA,9.8,2.42,1.46,NA,NA,0.04,NA,0.01,0.23,0.19,0.01,0.01,8.26,7.59,0.05,0.03,NA,NA,NA
"Time",0.23,0.15,0.18,0.15,NA,NA,2.27,0.07,NA,NA,0.02,NA,0.01,0.27,0.16,0.22,NA,0.01,1.31,1.42,NA,NA,NA,NA,0.01,0.2,0.2,0.29,0.02,0.04,1.46,2.43,NA,0.02,NA,NA,0.26,0.22,0.17,0.18,NA,NA,1.53,1.43,0.01,NA,NA,NA,0.18,0.01,0.17,0.2,1.01,NA,4.41,2.58,NA,0.03,0.02,0.25,0.21,0.22,0.18,0.19,NA,9.55,1.49,1.33,NA,NA,NA,NA,0.24,0.21,0.21,0.01,0.02,NA,0.05,8.33,NA,NA,NA,0.2
"Time",0.2,0.21,0.01,0.25,0.02,NA,1.31,1.41,NA,NA,NA,NA,0.22,0.19,0.19,0.19,NA,11.59,2.29,0.01,NA,NA,NA,NA,0.27,0.01,0.2,0.01,NA,0.02,4.54,1.45,NA,NA,NA,NA,0.01,0.17,0.31,0.01,0.02,0.05,3.56,1.42,NA,NA,0.05,NA,0.22,0.01,0.21,0.19,0.01,1.13,0.03,2.4,NA,0.01,0.26,NA,0.27,0.18,0.19,0.18,NA,0.06,0.02,3.57,NA,0.03,0.12,NA,0.23,0.2,0.17,0.19,0.83,9.55,0.06,0.01,0.16,NA,NA,NA
"Time",0.2,0.22,0.01,0.01,NA,NA,0.01,1.18,0.09,NA,NA,NA,0.31,0.01,0.19,0.16,NA,NA,0.02,1.51,NA,0.02,NA,NA,0.21,0.01,0.22,0.17,NA,NA,2.46,2.43,0.29,NA,0.05,NA,0.19,0.25,0.22,0.21,0.02,0.02,1.39,2.34,NA,0.01,NA,NA,0.25,0.01,0.25,0.23,0.01,3.67,2.58,4.55,NA,0.01,0.07,NA,0.01,0.01,0.19,0.01,0.01,NA,4.39,2.43,0.1,NA,NA,NA,0.18,0.19,0.21,0.21,NA,NA,2.34,0.1,0.09,0.47,NA,NA
"Time",0.27,0.01,0.21,0.22,NA,18.29,1.37,1.51,NA,0.02,NA,NA,0.01,0.18,0.2,0.2,NA,NA,1.37,1.44,NA,NA,NA,0.26,0.26,0.01,0.22,0.32,NA,NA,1.43,1.5,NA,NA,NA,NA,0.25,0.19,0.23,0.2,NA,NA,0.03,1.45,NA,0.03,NA,NA,0.21,0.22,0.21,0.01,0.82,4.47,1.55,7.56,0.05,0.04,NA,NA,0.22,0.01,0.15,0.17,NA,NA,1.47,1.29,NA,NA,NA,0.01,0.2,0.19,0.22,0.25,NA,0.01,0.05,5.3,NA,NA,NA,NA
"Time",0.8,0.2,0.2,0.01,0.04,15.48,1.37,0.03,NA,NA,NA,NA,0.25,0.22,0.21,0.17,NA,NA,0.01,1.38,NA,0.08,NA,NA,0.18,0.21,0.19,0.01,NA,1.64,1.42,3.56,NA,0.51,NA,NA,0.26,0.2,0.26,0.16,NA,10.63,1.43,0.01,NA,NA,NA,NA,0.01,0.22,0.01,0.17,NA,0.98,6.5,11.55,NA,0.12,NA,NA,0.02,0.21,0.22,0.21,0.01,13.52,1.26,0.01,NA,NA,0.05,NA,0.18,0.18,0.19,0.21,0.02,16.35,0.01,2.42,NA,NA,NA,NA
"Time",0.19,0.21,0.19,0.21,NA,NA,1.34,1.46,NA,0.05,NA,NA,0.27,0.01,0.21,0.22,NA,NA,1.43,0.05,NA,NA,0.03,NA,0.03,0.2,0.01,0.19,NA,19.44,0.01,1.29,NA,NA,NA,NA,0.22,0.01,0.25,0.19,0.01,NA,1.68,2.52,NA,NA,NA,0.32,0.01,0.23,0.21,0.25,0.83,0.01,3.72,6.52,NA,NA,0.05,0.02,0.01,0.19,0.01,0.19,0.1,NA,1.41,1.48,NA,NA,0.05,NA,0.23,0.24,0.01,0.02,0.04,0.04,2.39,6.57,NA,NA,NA,NA
"Time",0.21,0.25,0.23,0.21,NA,0.01,1.31,1.38,NA,NA,NA,NA,0.24,0.02,0.19,0.03,0.02,0.02,1.27,1.5,NA,NA,0.03,0.08,0.19,0.2,0.22,0.2,NA,0.03,2.39,2.49,0.1,NA,0.13,NA,0.25,0.18,0.19,0.01,NA,NA,1.44,4.46,NA,0.09,0.14,NA,0.2,0.02,0.19,0.16,1.11,NA,13.32,9.48,NA,NA,NA,NA,0.22,0.23,0.19,0.2,NA,0.01,1.31,0.01,NA,0.18,NA,0.19,0.33,0.26,0.21,0.22,0.71,NA,5.91,0.01,NA,NA,0.09,NA
"Time",0.27,0.17,0.18,0.19,NA,NA,1.59,1.3,0.05,NA,NA,NA,0.24,0.23,0.25,0.17,NA,NA,0.01,1.28,0.01,NA,NA,NA,0.23,0.02,0.01,0.17,0.04,18.42,2.52,1.57,NA,NA,NA,0.06,0.2,0.01,0.2,0.01,NA,NA,0.03,1.59,0.01,NA,NA,NA,0.21,0.01,0.24,0.01,0.09,9.71,2.54,0.01,NA,0.28,0.08,NA,0.26,0.2,0.17,0.22,NA,0.02,6.32,0.04,NA,0.02,0.22,NA,0.21,0.24,0.22,0.01,0.84,0.76,2.53,2.62,NA,0.03,NA,NA
"Time",0.23,0.21,0.19,0.18,NA,9.41,1.42,1.3,0.51,0.11,0.04,NA,0.01,0.01,0.19,0.01,NA,0.02,3.96,1.23,NA,NA,NA,0.07,0.2,0.01,0.01,0.01,NA,NA,1.78,0.02,NA,NA,NA,NA,0.01,0.27,0.02,0.01,NA,NA,5.52,2.52,NA,NA,NA,NA,0.17,0.23,0.01,0.18,0.02,0.03,10.77,3.56,NA,NA,0.13,NA,0.01,0.01,0.16,0.01,NA,NA,3.33,0.01,NA,0.07,NA,0.02,0.19,0.17,0.17,0.18,0.97,0.77,2.36,12.77,NA,NA,NA,NA
"Time",0.01,0.24,0.2,0.22,NA,NA,1.21,1.39,NA,NA,NA,NA,0.21,0.22,0.2,0.2,NA,NA,0.03,0.03,NA,NA,NA,0.05,0.29,0.21,0.19,0.01,0.04,0.02,1.34,1.57,NA,NA,0.09,NA,0.23,0.2,0.19,0.01,NA,NA,0.01,0.02,NA,NA,NA,NA,0.01,0.01,0.01,0.18,NA,NA,2.69,0.02,0.14,NA,NA,NA,0.01,0.2,0.01,0.01,NA,NA,2.49,5.4,NA,NA,NA,NA,0.19,0.01,0.21,0.18,NA,0.02,2.53,1.54,0.08,NA,NA,NA
"Time",0.29,0.25,0.18,0.19,NA,0.02,0.04,1.2,NA,NA,NA,0.08,0.26,0.2,0.01,0.19,NA,0.01,2.43,0.07,NA,NA,NA,NA,0.26,0.26,0.26,0.2,0.02,NA,2.65,1.3,0.01,NA,NA,NA,0.19,0.2,0.19,0.17,NA,0.01,4.49,0.01,NA,NA,NA,0.04,0.2,0.18,0.17,0.22,1.01,NA,2.41,2.49,NA,NA,0.04,NA,0.18,0.21,0.16,0.2,1.21,NA,0.01,3.37,NA,0.04,0.08,NA,0.3,0.23,0.01,0.29,1.56,0.74,16.59,0.91,0.13,0.11,NA,0.05
"Time",0.21,0.22,0.25,0.01,NA,NA,0.09,0.02,NA,NA,NA,NA,0.2,0.17,0.18,0.19,NA,NA,1.51,1.36,NA,0.19,0.17,0.12,0.23,0.01,0.24,0.01,0.04,NA,1.33,1.41,NA,NA,NA,NA,0.01,0.2,0.2,0.18,NA,0.04,0.01,1.47,NA,NA,NA,NA,0.2,0.22,0.21,0.18,0.85,NA,4.57,7.68,NA,NA,NA,NA,0.23,0.19,0.01,0.01,16.48,NA,1.51,2.3,0.02,NA,NA,0.04,0.01,0.19,0.18,0.22,0.01,NA,5.49,0.02,NA,NA,NA,0.07
"Time",0.17,0.01,0.2,0.2,0.11,NA,0.02,1.35,NA,NA,0.14,NA,0.01,0.21,0.2,0.21,NA,NA,1.38,1.3,NA,NA,NA,NA,0.21,0.21,0.01,0.19,NA,0.02,1.44,2.6,NA,NA,NA,NA,0.02,0.01,0.31,0.19,NA,NA,3.44,2.46,NA,NA,NA,0.06,0.15,0.01,0.16,0.23,0.07,NA,1.48,4.52,0.05,NA,NA,NA,0.22,0.2,0.22,0.21,NA,NA,2.5,1.35,NA,NA,NA,0.01,0.21,0.17,0.28,0.16,NA,NA,5.51,1.61,NA,NA,NA,NA
"Time",0.26,0.01,0.01,0.2,NA,NA,0.02,1.23,NA,NA,NA,NA,0.17,0.24,0.01,0.2,NA,NA,2.38,2.36,NA,0.2,0.12,NA,0.22,0.19,0.21,0.21,NA,NA,0.05,1.34,NA,NA,NA,NA,0.18,0.22,0.22,0.01,NA,0.01,0.01,1.38,0.42,NA,NA,0.03,0.21,0.18,0.01,0.01,0.82,0.01,6.42,10.49,NA,NA,NA,0.02,0.22,0.19,0.21,0.21,0.02,NA,1.69,10.55,NA,NA,0.3,0.02,0.2,0.01,0.22,0.01,NA,NA,2.33,3.48,NA,NA,NA,NA
"Time",0.01,0.01,0.21,0.01,0.03,NA,1.23,0.01,NA,NA,NA,NA,0.25,0.28,0.01,0.2,NA,NA,1.45,1.48,NA,0.25,0.01,NA,0.17,0.01,0.01,0.18,NA,NA,0.02,1.42,NA,NA,0.2,NA,0.01,0.2,0.01,0.2,NA,2.44,1.35,1.24,0.05,0.06,NA,NA,0.19,0.22,0.27,0.21,NA,NA,2.89,1.4,NA,0.1,0.04,NA,0.21,0.22,0.17,0.25,0.02,14.58,3.44,0.01,NA,NA,NA,NA,0.03,0.25,0.17,0.16,1.68,0.01,8.61,0.02,0.05,NA,NA,NA
"Time",1.69,0.22,0.17,0.01,0.04,NA,0.02,0.05,NA,NA,NA,0.01,0.2,0.16,0.01,0.22,0.02,NA,3.54,1.48,NA,NA,NA,0.2,0.23,0.21,0.17,0.01,0.01,NA,0.05,1.39,NA,NA,NA,NA,0.23,0.31,0.23,0.23,NA,NA,1.44,1.46,NA,0.13,0.09,NA,0.01,0.2,0.22,0.01,1.16,NA,0.01,0.01,NA,NA,NA,0.35,0.2,0.2,0.17,0.16,NA,13.46,3.42,1.46,0.01,NA,NA,NA,0.01,0.15,0.17,0.19,0.88,1.11,2.51,5.49,0.04,NA,NA,NA
"Time",0.27,0.22,0.18,0.2,NA,0.03,1.2,1.42,NA,NA,NA,NA,0.19,0.2,0.17,0.16,NA,NA,1.4,2.36,0.04,0.02,0.04,NA,0.01,0.21,0.18,0.22,0.01,NA,0.1,1.41,NA,0.04,NA,NA,0.2,0.24,0.19,0.18,0.02,NA,1.43,1.45,0.01,NA,NA,NA,0.18,0.02,0.19,0.2,NA,6.58,2.59,12.43,0.04,NA,NA,NA,0.18,0.01,0.19,0.18,NA,NA,3.44,1.41,NA,NA,0.03,0.02,0.01,0.18,0.21,0.17,NA,0.92,2.42,0.64,NA,NA,NA,NA
"Time",0.21,0.22,0.2,0.18,4.7,NA,1.23,0.05,NA,NA,NA,NA,0.22,0.22,0.21,0.19,NA,10.58,3.55,0.02,NA,NA,NA,NA,0.01,0.01,0.19,0.23,NA,19.52,1.33,1.5,NA,0.06,0.03,NA,0.24,0.18,0.17,0.17,NA,0.01,0.02,0.04,NA,NA,NA,NA,0.22,0.19,0.25,0.22,0.98,0.01,2.68,9.5,NA,NA,NA,0.06,0.19,0.02,0.23,0.3,0.02,1.14,1.48,1.57,NA,NA,NA,NA,0.18,0.22,0.18,0.19,0.73,0.02,3.42,6.48,0.04,NA,NA,NA
"Time",0.19,0.01,0.22,0.17,NA,NA,1.18,1.22,NA,NA,0.04,NA,0.23,0.22,0.2,0.22,NA,NA,1.41,0.01,NA,0.07,0.21,0.06,0.01,0.17,0.01,0.19,NA,0.06,1.51,1.58,NA,NA,0.02,NA,0.24,0.19,0.21,0.01,NA,NA,1.6,1.37,NA,0.42,NA,0.01,0.2,0.22,0.21,0.21,1.07,0.03,0.01,0.01,NA,NA,NA,NA,0.17,0.01,0.22,0.2,0.81,0.03,2.43,2.43,0.28,NA,NA,0.24,0.2,0.17,0.01,0.21,2.66,8.74,0.01,6.53,NA,NA,NA,NA
"Time",0.22,0.2,0.18,0.24,NA,NA,0.03,0.08,NA,NA,NA,NA,0.18,0.24,0.16,0.18,0.02,NA,1.44,2.47,NA,NA,0.01,NA,0.24,0.21,0.01,0.01,NA,NA,1.5,2.53,0.09,NA,NA,0.06,0.2,0.18,0.18,0.17,NA,NA,3.59,1.35,0.06,NA,0.02,NA,0.26,0.01,0.18,0.18,NA,0.03,3.65,0.01,NA,0.03,NA,NA,0.26,0.01,0.19,0.2,0.01,0.08,1.24,3.5,NA,NA,NA,NA,0.21,0.23,0.17,0.17,0.01,0.03,3.44,2.37,NA,NA,NA,NA
"Time",0.25,0.01,0.18,0.01,NA,NA,1.5,1.26,NA,NA,NA,0.07,0.19,0.21,0.18,0.18,0.02,0.01,1.33,0.01,NA,NA,NA,NA,0.01,0.04,0.01,0.01,NA,NA,0.02,1.31,0.2,0.09,0.05,NA,0.25,0.01,0.19,0.01,0.03,0.01,0.13,0.04,NA,0.05,NA,NA,0.18,0.17,0.19,0.2,0.96,0.03,6.36,8.5,NA,0.09,NA,NA,0.22,0.01,0.19,0.01,NA,NA,0.04,1.59,NA,NA,NA,0.14,0.01,0.17,0.26,0.21,19.99,NA,5.5,0.69,NA,NA,NA,0.02
"Time",0.23,0.22,0.01,0.22,NA,0.01,3.25,0.01,NA,NA,NA,NA,0.24,0.2,0.01,0.23,NA,0.06,1.49,0.02,NA,NA,NA,NA,0.2,0.01,0.2,0.17,NA,3.57,1.33,0.01,NA,NA,NA,NA,0.27,0.2,0.17,0.01,NA,NA,0.01,0.01,0.02,NA,NA,NA,0.26,0.23,0.22,0.01,0.04,NA,1.64,0.03,NA,NA,NA,0.04,0.02,0.02,0.18,0.19,NA,NA,4.54,1.47,NA,NA,NA,NA,0.01,0.26,0.23,0.24,0.99,0.87,0.01,0.09,NA,NA,NA,0.01
"Time",0.23,0.19,0.19,0.2,NA,16.5,1.21,0.03,NA,NA,NA,NA,0.01,0.01,0.18,0.01,0.02,NA,0.02,1.31,NA,0.13,0.18,NA,0.18,0.22,0.01,0.01,NA,NA,1.43,0.03,NA,0.17,NA,NA,0.2,0.21,0.17,0.01,NA,NA,1.32,2.6,NA,NA,NA,NA,0.18,0.01,0.19,0.17,NA,14.58,1.6,2.55,0.35,NA,NA,NA,0.17,0.18,0.17,0.2,NA,11.43,1.48,3.5,0.09,NA,NA,NA,0.18,0.2,0.2,0.19,0.83,0.02,0.75,2.39,NA,NA,NA,NA
"Time",0.23,0.01,0.02,0.22,NA,NA,0.01,1.24,0.25,0.1,NA,NA,0.18,0.22,0.04,0.21,NA,0.02,1.3,1.37,NA,NA,NA,NA,0.22,0.02,0.19,0.23,0.05,17.42,2.6,0.02,NA,NA,NA,NA,0.15,0.22,0.19,0.19,NA,0.06,2.63,3.6,0.18,NA,0.07,NA,0.21,0.17,0.21,0.24,NA,0.02,2.24,1.41,NA,0.13,0.24,0.19,0.2,0.21,0.18,0.25,NA,NA,3.42,1.47,0.15,NA,0.22,NA,0.19,0.2,0.24,0.16,0.84,5.57,1.63,1.47,NA,0.05,NA,0.04
"Time",0.33,0.01,0.26,0.18,NA,0.01,1.4,1.27,NA,NA,NA,NA,0.2,0.22,0.18,0.19,0.01,0.06,1.35,1.43,0.03,NA,NA,NA,0.25,0.2,0.16,0.21,NA,13.55,1.48,1.45,NA,NA,NA,NA,0.02,0.18,0.28,0.22,NA,NA,1.5,1.47,NA,NA,NA,0.11,0.22,0.02,0.22,0.18,NA,0.03,0.03,0.7,NA,NA,NA,0.04,0.23,0.01,0.16,0.2,NA,NA,1.43,3.52,NA,0.01,NA,0.1,0.18,0.19,0.2,0.01,0.03,NA,0.03,1.63,0.09,0.2,NA,0.05
"Time",0.2,0.21,0.21,0.23,NA,0.02,1.34,1.28,NA,NA,0.01,NA,0.26,0.19,0.01,0.19,NA,12.44,0.01,1.39,NA,NA,NA,NA,0.02,0.19,0.18,0.17,NA,NA,0.01,0.02,NA,NA,NA,NA,0.19,0.2,0.18,0.21,NA,17.59,1.56,5.46,NA,NA,0.02,NA,0.16,0.01,0.01,0.17,NA,NA,2.48,0.03,NA,NA,0.02,NA,0.01,0.18,0.19,0.2,NA,12.52,0.01,1.57,NA,NA,0.02,NA,0.18,0.01,0.01,0.2,1.08,0.01,0.09,6.41,NA,NA,0.04,NA
"Time",0.27,0.18,0.01,0.19,NA,NA,1.26,1.33,0.03,NA,NA,NA,0.19,0.2,0.01,0.16,NA,NA,1.27,2.44,NA,NA,0.03,NA,0.22,0.22,0.01,0.19,NA,NA,1.46,0.01,NA,NA,NA,NA,0.21,0.18,0.24,0.19,NA,NA,2.4,3.44,0.07,NA,NA,0.02,0.01,0.27,0.18,0.21,1.51,NA,0.03,2.5,NA,0.01,NA,NA,0.23,0.2,0.23,0.2,NA,0.02,0.03,0.01,NA,NA,0.02,0.03,0.2,0.01,0.02,0.18,0.03,2.63,0.78,4.56,NA,NA,0.1,0.1
"Time",0.31,0.2,0.16,0.19,NA,NA,1.37,1.12,0.07,NA,NA,NA,0.19,0.23,0.21,0.18,NA,NA,0.08,0.01,0.05,0.07,NA,NA,0.46,0.2,0.21,0.28,NA,NA,1.59,1.55,NA,0.01,0.32,NA,0.01,0.19,0.01,0.2,NA,0.03,0.03,2.54,NA,NA,0.13,0.08,0.17,0.18,0.01,0.18,0.99,4.56,0.04,6.43,NA,NA,NA,NA,0.2,0.18,0.01,0.22,0.04,NA,0.02,1.23,NA,NA,NA,0.06,0.02,0.2,0.01,0.18,1.48,NA,4.6,2.77,NA,NA,0.25,NA
"Time",0.2,0.01,0.21,0.2,NA,NA,0.01,1.29,NA,NA,0.09,NA,0.01,0.2,0.01,0.26,0.02,NA,2.48,1.44,NA,NA,NA,NA,0.2,0.01,0.22,0.2,1.12,7.45,1.26,0.03,NA,0.03,NA,0.06,0.22,0.18,0.01,0.19,NA,15.39,0.1,3.49,NA,NA,NA,NA,0.25,0.2,0.01,0.2,0.06,NA,2.07,0.01,0.29,0.14,NA,NA,0.19,0.2,0.16,0.2,0.03,NA,0.04,1.58,NA,NA,NA,NA,0.01,0.23,0.23,0.22,NA,1.35,2.48,0.61,0.03,0.06,NA,NA
"Time",0.23,0.16,0.17,0.28,NA,0.07,1.24,1.21,NA,NA,NA,NA,0.19,0.17,0.17,0.21,0.02,0.02,1.36,0.17,NA,0.01,0.02,NA,0.22,0.02,0.23,0.21,0.01,NA,0.03,3.49,0.04,NA,NA,NA,0.2,0.01,0.27,0.21,NA,NA,2.5,1.36,0.01,NA,NA,NA,0.01,0.01,0.17,0.22,NA,0.03,3.44,4.39,NA,NA,0.26,NA,0.17,0.21,0.2,0.2,NA,NA,0.03,1.42,NA,NA,NA,NA,0.2,0.21,0.01,0.2,0.01,1.35,10.38,0.03,0.04,NA,NA,NA
"Time",0.34,0.23,0.19,0.17,0.03,0.01,1.19,1.32,NA,NA,NA,NA,0.25,0.01,0.23,0.21,NA,NA,1.31,2.66,0.04,NA,NA,NA,0.2,0.22,0.23,0.19,NA,7.35,0.01,1.38,0.01,NA,NA,0.09,0.17,0.18,0.2,0.2,1.25,NA,1.47,1.28,NA,NA,NA,NA,0.18,0.19,0.22,0.17,NA,NA,7.4,2.67,NA,NA,NA,NA,0.01,0.22,0.2,0.25,NA,NA,2.58,1.45,NA,NA,NA,NA,0.32,0.01,0.01,0.01,0.97,1.08,1.63,0.56,NA,NA,0.08,NA
"Time",0.16,0.19,0.2,0.01,NA,NA,1.3,1.47,NA,NA,NA,NA,0.18,0.21,0.01,0.2,0.02,13.52,0.05,0.02,NA,0.13,0.09,0.1,0.21,0.23,0.21,0.19,NA,NA,1.36,1.49,NA,0.05,NA,NA,0.24,0.21,0.16,0.19,NA,NA,4.54,0.02,0.07,NA,NA,NA,0.01,0.17,0.22,0.03,NA,NA,12.77,2.63,NA,NA,NA,NA,0.2,0.01,0.17,0.01,NA,17.8,0.02,3.57,NA,NA,NA,NA,0.2,0.01,0.2,0.2,0.01,NA,0.01,0.02,NA,NA,NA,0.36
"Time",0.01,0.24,0.01,0.3,NA,NA,1.35,1.31,0.38,NA,NA,NA,0.01,0.24,0.01,0.01,NA,NA,1.35,1.28,NA,NA,0.15,NA,0.22,0.01,0.19,0.18,NA,NA,0.03,1.38,NA,0.06,NA,0.05,0.25,0.23,0.01,0.01,0.85,NA,3.69,2.51,NA,NA,NA,NA,0.19,0.01,0.18,0.01,NA,0.01,4.76,2.51,0.09,NA,NA,NA,0.2,0.21,0.2,0.01,0.85,NA,2.41,0.01,0.01,NA,NA,NA,0.23,0.19,0.16,0.01,0.04,2.68,7.4,0.01,NA,0.03,0.05,NA
"Time",0.19,0.21,0.2,0.17,NA,16.37,1.47,1.35,NA,NA,0.04,0.01,0.01,0.23,0.22,0.01,0.02,0.03,1.43,1.5,NA,NA,NA,NA,0.01,0.19,0.19,0.23,0.01,NA,1.27,0.01,NA,0.04,NA,0.2,0.2,0.17,0.25,0.01,NA,NA,5.42,0.01,NA,NA,NA,NA,0.18,0.27,0.2,0.2,0.01,0.03,0.01,1.5,NA,NA,NA,NA,0.2,0.32,0.01,0.01,NA,NA,1.41,1.53,NA,NA,0.13,NA,0.24,0.19,0.22,0.01,NA,5.43,2.76,2.6,0.57,NA,0.03,NA
"Time",0.22,0.02,0.2,0.19,NA,0.03,1.32,1.38,0.01,NA,NA,NA,0.19,0.24,0.01,0.01,NA,NA,1.42,1.27,0.08,NA,NA,NA,0.01,0.22,0.01,0.01,0.03,NA,0.03,2.48,NA,NA,NA,NA,0.29,0.17,0.23,0.01,5.26,0.06,1.48,2.42,NA,0.25,NA,NA,0.24,0.2,0.24,0.2,0.82,NA,0.07,0.05,NA,NA,NA,0.02,0.19,0.01,0.22,0.01,NA,2.7,1.4,4.55,0.07,NA,NA,NA,0.18,0.18,0.24,0.18,1.09,8.95,0.02,0.06,NA,NA,0.01,NA
"Time",0.36,0.01,0.2,0.15,NA,NA,1.38,1.4,NA,NA,NA,NA,0.19,0.22,0.2,0.17,NA,0.03,0.01,1.39,NA,NA,NA,NA,0.17,0.21,0.17,0.01,0.03,0.03,4.41,0.02,NA,NA,NA,NA,0.2,0.24,0.2,0.15,NA,12.66,0.01,0.01,NA,NA,0.03,NA,0.01,0.25,0.01,0.24,NA,NA,2.63,0.05,NA,NA,NA,NA,0.2,0.17,0.01,0.18,NA,2.39,0.05,1.49,0.06,0.01,NA,0.01,0.21,0.2,0.02,0.17,1.03,13.82,2.38,0.02,NA,NA,NA,NA
"Time",0.01,0.02,0.02,0.01,NA,NA,1.28,1.21,NA,NA,NA,NA,0.22,0.23,0.01,0.01,NA,NA,1.47,1.35,NA,NA,NA,NA,0.18,0.22,0.21,0.21,0.06,NA,0.01,1.47,NA,NA,0.05,0.01,0.19,0.16,0.01,0.01,NA,NA,2.46,1.54,NA,NA,NA,0.01,0.22,0.23,0.19,0.22,0.01,NA,2.49,0.05,NA,NA,NA,0.03,0.27,0.01,0.01,0.19,NA,14.49,5.41,1.53,NA,0.01,NA,NA,0.2,0.17,0.21,0.2,1.08,0.02,6.53,2.58,NA,NA,0.42,0.17
"Time",0.22,0.24,0.2,0.02,NA,0.03,6.39,1.4,0.02,NA,NA,NA,0.24,0.19,0.18,0.26,NA,NA,0.02,1.37,NA,0.31,NA,NA,0.01,0.01,0.17,0.22,NA,0.02,0.01,1.5,NA,NA,0.42,0.04,0.29,0.02,0.22,0.01,0.01,0.01,0.01,0.01,NA,NA,NA,0.06,0.18,0.19,0.26,0.2,1.14,NA,1.62,0.01,0.01,NA,0.07,NA,0.26,0.23,0.18,0.2,0.07,NA,7.38,1.35,NA,NA,NA,0.06,0.01,0.23,0.22,0.16,1.08,0.95,0.01,3.71,NA,NA,NA,0.06
"Time",0.42,0.25,0.02,0.01,NA,3.66,2.58,2.39,NA,NA,0.08,NA,0.01,0.17,0.17,0.18,NA,NA,2.47,1.35,0.28,NA,0.33,NA,0.19,0.17,0.16,0.21,NA,NA,2.48,1.34,0.09,0.07,0.05,NA,0.01,0.24,0.01,0.21,0.04,NA,0.13,2.44,NA,NA,NA,NA,0.25,0.2,0.19,0.22,0.03,0.01,0.05,4.5,0.02,NA,NA,NA,0.01,0.18,0.18,0.23,7.38,NA,1.47,1.34,0.02,NA,0.29,0.21,0.23,0.23,0.19,0.19,0.01,0.01,6.4,2.64,0.06,NA,NA,NA
"Time",0.37,0.18,0.01,0.02,NA,0.02,2.3,1.24,NA,NA,NA,0.08,0.01,0.26,0.21,0.22,NA,0.06,1.49,1.29,NA,NA,NA,NA,0.24,0.2,0.02,0.19,0.02,NA,0.03,1.32,0.16,NA,NA,NA,0.23,0.02,0.01,0.3,NA,NA,4.47,6.42,0.05,NA,NA,NA,0.22,0.01,0.17,0.15,0.02,11.83,17.64,0.06,NA,0.17,NA,NA,0.22,0.19,0.18,0.23,0.99,0.01,0.04,6.39,NA,0.05,NA,NA,0.22,0.19,0.21,0.02,0.03,1.58,1.63,2.51,NA,NA,NA,0.01
"Time",0.18,0.01,0.2,0.2,NA,NA,1.52,0.01,NA,NA,NA,NA,0.24,0.01,0.2,0.23,NA,0.02,1.38,1.29,NA,NA,NA,0.04,0.16,0.19,0.25,0.21,NA,0.03,1.41,0.05,NA,0.38,NA,NA,0.22,0.01,0.19,0.22,NA,18.6,1.58,0.01,NA,NA,NA,0.07,0.18,0.17,0.01,0.01,NA,0.01,8.51,0.01,NA,NA,NA,0.07,0.28,0.01,0.17,0.21,1.02,0.05,4.61,1.5,0.05,NA,NA,NA,0.18,0.2,0.01,0.01,NA,0.8,2.43,3.49,NA,0.2,NA,NA
"Time",0.24,0.01,0.17,0.18,0.02,0.01,1.26,1.23,0.01,0.03,NA,NA,0.01,0.2,0.02,0.2,0.03,NA,1.27,0.01,NA,NA,NA,0.02,0.01,0.19,0.2,0.19,0.12,NA,2.51,1.41,NA,NA,NA,NA,0.23,0.18,0.21,0.16,0.01,NA,0.01,1.35,NA,NA,0.33,0.16,0.01,0.21,0.18,0.21,NA,NA,3.59,0.02,0.08,0.08,NA,NA,0.2,0.01,0.23,0.2,NA,0.02,2.49,0.03,NA,0.11,NA,NA,0.19,0.24,0.17,0.23,0.93,1.05,2.41,6.58,NA,NA,0.03,NA
"Time",0.01,0.2,0.2,0.18,NA,0.01,1.24,1.27,NA,0.13,NA,NA,0.24,0.19,0.01,0.01,0.01,16.57,1.32,2.42,NA,0.12,0.28,NA,0.17,0.22,0.19,0.27,NA,NA,0.01,0.02,NA,NA,0.01,NA,0.22,0.17,0.28,0.04,0.11,NA,2.5,3.47,0.15,NA,NA,NA,0.2,0.34,0.23,0.17,0.02,NA,0.04,1.46,NA,0.06,NA,NA,0.2,0.29,0.01,0.18,0.02,NA,1.55,0.01,NA,0.02,NA,NA,0.02,0.18,0.18,0.17,0.82,1.21,7.48,2.41,NA,NA,NA,NA
"Time",0.2,0.18,0.2,0.19,NA,NA,0.02,1.44,0.01,0.04,NA,NA,0.24,0.17,0.19,0.16,NA,10.45,1.4,1.25,NA,NA,NA,NA,0.19,0.27,0.21,0.02,NA,10.57,1.46,1.39,NA,NA,NA,NA,0.21,0.01,0.25,0.2,NA,NA,1.45,1.3,0.01,NA,0.17,NA,0.01,0.2,0.21,0.16,NA,2.53,0.02,2.46,NA,NA,NA,NA,0.19,0.28,0.17,0.19,0.01,0.05,0.02,0.06,NA,NA,0.45,0.19,0.19,0.01,0.01,0.18,NA,2.54,0.06,2.45,0.35,0.2,NA,NA
"Time",0.25,0.19,0.2,0.25,NA,0.01,0.02,0.01,0.09,0.72,NA,NA,0.22,0.17,0.01,0.17,NA,NA,3.68,1.28,NA,NA,NA,NA,0.01,0.02,0.2,0.22,NA,0.03,1.47,1.43,NA,NA,NA,0.01,0.19,0.01,0.01,0.15,NA,0.02,1.32,3.58,NA,NA,NA,NA,0.18,0.21,0.24,0.01,NA,0.95,0.01,0.03,NA,0.23,NA,NA,0.01,0.21,0.17,0.21,0.03,NA,2.55,2.36,0.01,0.22,NA,NA,0.22,0.18,0.2,0.22,0.01,4.59,0.01,2.76,0.02,NA,0.12,0.04
"Time",0.21,0.22,0.01,0.23,0.01,0.01,1.22,0.01,0.14,NA,NA,NA,0.01,0.21,0.23,0.19,NA,0.02,1.26,1.31,NA,0.01,NA,NA,0.23,0.21,0.18,0.01,0.02,NA,1.58,2.54,0.01,NA,NA,NA,0.22,0.21,0.25,0.17,0.95,NA,0.03,1.34,NA,NA,0.12,NA,0.22,0.2,0.01,0.24,1.12,0.01,0.05,5.53,NA,NA,0.08,0.07,0.21,0.19,0.19,0.15,NA,NA,0.03,1.53,NA,0.07,NA,NA,0.01,0.01,0.23,0.23,NA,0.02,0.05,0.03,NA,NA,0.02,NA
"Time",0.21,0.01,0.17,0.2,NA,0.01,0.05,1.27,NA,NA,NA,NA,0.31,0.2,0.21,0.2,NA,NA,2.42,1.49,0.09,0.04,0.06,NA,0.25,0.22,0.23,0.2,NA,0.01,1.39,0.01,0.07,NA,NA,NA,0.24,0.2,0.02,0.2,NA,0.01,1.39,2.48,0.16,NA,NA,NA,0.19,0.01,0.24,0.21,NA,9.65,4.51,0.07,NA,NA,NA,NA,0.01,0.19,0.01,0.19,NA,NA,1.35,5.45,NA,0.05,NA,NA,0.29,0.22,0.2,0.18,NA,7.81,2.41,0.01,NA,NA,0.11,NA
"Time",0.22,0.23,0.18,0.2,NA,0.04,1.53,1.36,NA,0.04,0.02,NA,0.23,0.2,0.18,0.01,NA,NA,1.42,1.49,NA,NA,NA,NA,0.01,0.01,0.21,0.01,NA,NA,1.62,2.55,0.03,0.15,NA,0.22,0.23,0.24,0.22,0.01,NA,NA,2.66,1.51,NA,NA,0.05,0.05,0.34,0.21,0.24,0.05,NA,0.01,1.49,1.67,NA,0.12,NA,0.27,0.01,0.22,0.24,0.19,NA,12.53,0.02,5.44,NA,NA,0.07,0.01,0.22,0.2,0.19,0.2,0.82,NA,5.5,9.48,NA,NA,0.05,0.05
"Time",0.22,0.18,0.23,0.23,0.01,NA,4.37,1.29,0.02,NA,0.06,NA,0.02,0.23,0.18,0.17,0.01,19.66,1.28,1.26,0.04,0.11,NA,NA,0.21,0.3,0.01,0.2,NA,NA,1.43,0.05,0.02,NA,NA,NA,0.19,0.2,0.15,0.21,NA,NA,1.51,2.51,NA,0.05,0.03,NA,0.21,0.2,0.01,0.01,0.01,16.78,2.49,5.5,NA,NA,NA,0.03,0.21,0.17,0.01,0.01,0.04,NA,0.02,0.01,NA,NA,NA,0.01,0.01,0.17,0.19,0.01,0.09,NA,0.01,9.61,0.2,NA,NA,NA
"Time",0.25,0.25,0.24,0.01,NA,0.01,1.33,1.4,NA,NA,NA,NA,0.23,0.02,0.01,0.01,0.13,0.04,1.41,0.01,0.04,NA,NA,NA,0.22,0.02,0.19,0.16,NA,0.06,1.47,1.31,0.03,NA,NA,NA,0.17,0.19,0.01,0.01,NA,18.71,1.43,0.02,NA,NA,NA,NA,0.21,0.17,0.21,0.21,1.2,NA,2.57,5.45,NA,0.2,NA,NA,0.01,0.01,0.22,0.16,NA,0.03,2.38,1.32,0.01,NA,NA,NA,0.22,0.24,0.01,0.17,0.89,0.01,3.55,3.48,NA,NA,NA,0.12
"Time",0.21,0.18,0.22,0.17,0.02,0.06,1.29,1.4,NA,0.37,NA,0.2,0.23,0.23,0.19,0.18,0.09,NA,1.28,1.5,NA,0.09,NA,NA,0.23,0.01,0.17,0.18,NA,0.02,1.36,2.44,NA,NA,NA,NA,0.19,0.18,0.21,0.18,NA,0.07,0.03,1.44,NA,0.03,NA,NA,0.22,0.22,0.01,0.23,1.09,NA,2.62,0.03,NA,NA,NA,0.58,0.21,0.01,0.19,0.21,0.01,0.02,0.03,1.49,NA,NA,NA,NA,0.19,0.19,0.26,0.23,0.74,NA,0.01,4.55,0.06,NA,0.04,NA
"Time",0.01,0.01,0.21,0.22,NA,NA,2.37,3.49,NA,NA,NA,NA,0.19,0.01,0.02,0.18,NA,0.04,0.02,0.01,NA,NA,0.04,NA,0.01,0.01,0.17,0.16,0.02,NA,4.38,3.44,0.02,NA,0.07,0.26,0.01,0.17,0.17,0.01,0.07,2.52,9.28,4.28,NA,0.25,NA,NA,0.2,0.01,0.01,0.22,10.51,18.51,6.35,NA,NA,NA,NA,NA,0.19,0.24,0.22,0.22,0.02,0.01,0.01,4.51,0.22,NA,NA,NA,0.01,0.16,0.18,0.2,1.25,0.01,0.01,3.41,NA,NA,NA,NA
"Time",0.2,0.01,0.2,0.18,NA,0.03,1.13,3.35,0.03,NA,NA,0.35,0.01,0.01,0.21,0.19,NA,NA,1.52,1.47,NA,NA,0.01,0.02,0.22,0.01,0.2,0.18,NA,NA,1.45,1.64,NA,NA,NA,0.07,0.02,0.01,0.2,0.21,NA,0.03,1.37,1.35,NA,NA,NA,NA,0.19,0.2,0.19,0.18,0.01,NA,2.54,0.02,NA,0.04,NA,NA,0.01,0.19,0.01,0.3,NA,NA,0.01,3.47,NA,0.02,0.01,NA,0.2,0.01,0.21,0.2,1.04,0.02,2.44,16.47,0.02,NA,NA,NA
"Time",0.23,0.24,0.19,0.2,NA,0.03,1.23,1.38,NA,0.06,NA,0.33,0.01,0.17,0.18,0.18,NA,NA,0.01,1.14,NA,NA,NA,NA,0.02,0.22,0.2,0.16,NA,NA,3.44,0.01,NA,NA,NA,NA,0.21,0.19,0.18,0.23,0.03,NA,3.58,1.46,NA,0.04,NA,NA,0.23,0.18,0.25,0.18,NA,NA,0.02,2.49,0.02,NA,NA,NA,0.27,0.17,0.01,0.17,NA,NA,2.56,2.43,NA,NA,NA,NA,0.01,0.24,0.01,0.28,0.07,0.85,2.51,4.51,0.06,NA,NA,NA
"Time",0.2,0.01,0.16,0.19,NA,13.44,1.23,1.32,NA,NA,NA,NA,0.21,0.22,0.01,0.14,0.06,0.02,1.37,1.37,NA,0.11,NA,NA,0.19,0.01,0.17,0.2,NA,NA,3.44,0.01,NA,NA,NA,NA,0.23,0.01,0.2,0.21,0.01,NA,1.55,0.01,NA,0.01,NA,0.07,0.19,0.2,0.19,0.01,0.03,0.93,0.03,10.35,0.22,0.77,NA,NA,0.24,0.01,0.01,0.2,0.03,0.05,0.07,1.34,NA,NA,NA,NA,0.22,0.2,0.18,0.01,1.28,0.02,2.56,3.65,NA,NA,NA,NA
"Time",0.21,0.23,0.19,0.18,NA,0.03,1.44,1.4,NA,0.6,NA,0.05,0.19,0.19,0.23,0.2,NA,NA,1.51,0.01,NA,NA,NA,NA,0.19,0.03,0.27,0.01,NA,NA,0.1,1.26,NA,NA,NA,NA,0.26,0.2,0.19,0.23,NA,NA,0.02,2.37,NA,0.17,0.36,NA,0.26,0.27,0.19,0.19,0.7,0.02,2.33,2.59,0.01,NA,NA,NA,0.01,0.21,0.19,0.21,NA,NA,4.33,3.34,NA,NA,NA,NA,0.29,0.01,0.18,0.01,NA,1.13,1.65,0.77,NA,NA,0.1,NA
"Time",0.01,0.21,0.17,0.18,0.03,0.01,0.01,0.03,0.11,NA,NA,NA,0.01,0.2,0.2,0.01,0.01,NA,1.25,1.31,0.24,NA,0.23,NA,0.01,0.18,0.2,0.18,0.04,0.01,1.61,1.46,NA,NA,NA,0.03,0.26,0.01,0.01,0.03,NA,0.02,1.3,1.39,0.04,NA,NA,0.04,0.2,0.01,0.01,0.01,NA,NA,1.41,3.59,0.02,NA,NA,NA,0.01,0.19,0.2,0.14,0.02,8.43,1.3,6.38,NA,NA,NA,NA,0.21,0.2,0.19,0.01,1.09,0.02,0.03,0.02,NA,NA,NA,0.05
"Time",0.22,0.2,0.01,0.2,NA,0.05,1.26,1.38,NA,NA,NA,0.12,0.01,0.2,0.19,0.01,0.01,NA,3.37,0.02,0.02,NA,NA,0.4,0.01,0.19,0.18,0.19,NA,0.01,1.35,1.35,0.35,NA,NA,NA,0.19,0.23,0.18,0.01,NA,NA,0.02,1.38,NA,NA,NA,NA,0.01,0.22,0.19,0.22,NA,14.42,2.58,2.81,NA,NA,NA,NA,0.19,0.18,0.17,0.18,0.97,0.02,1.18,1.53,NA,NA,NA,0.04,0.2,0.22,0.18,0.2,0.13,6.56,5.55,2.28,NA,0.27,NA,0.4
"Time",0.23,0.18,0.19,0.19,NA,NA,1.44,1.13,NA,0.02,NA,NA,0.25,0.2,0.01,0.17,NA,NA,2.48,1.44,NA,NA,NA,NA,0.19,0.18,0.01,0.01,NA,NA,1.48,1.31,NA,0.13,NA,NA,0.2,0.21,0.01,0.27,NA,0.02,7.49,3.5,NA,NA,NA,0.07,0.2,0.18,0.01,0.26,0.05,NA,11.53,0.02,0.05,NA,NA,NA,0.25,0.01,0.01,0.18,NA,NA,1.44,1.27,NA,0.11,NA,NA,0.2,0.01,0.16,0.01,0.02,10.4,0.01,2.65,0.1,0.03,0.08,NA
"Time",0.2,0.01,0.18,0.01,NA,NA,1.33,1.3,NA,NA,NA,0.01,0.21,0.18,0.01,0.01,NA,NA,5.36,0.01,0.02,NA,NA,NA,0.01,0.27,0.19,0.19,NA,NA,1.34,1.45,NA,0.14,NA,NA,0.17,0.01,0.2,0.18,NA,0.04,0.01,0.03,NA,NA,NA,NA,0.22,0.21,0.19,0.22,NA,0.01,9.56,3.86,NA,NA,NA,0.17,0.01,0.01,0.18,0.03,NA,0.01,4.47,1.44,0.07,NA,0.13,NA,0.19,0.24,0.2,0.14,0.11,0.9,0.08,0.01,0.02,NA,NA,NA
"Time",0.23,0.19,0.22,0.21,NA,0.04,1.29,1.48,NA,NA,NA,0.07,0.01,0.02,0.2,0.24,NA,NA,1.36,3.37,NA,NA,NA,NA,0.21,0.01,0.01,0.01,NA,NA,1.35,4.32,NA,0.03,NA,NA,0.22,0.18,0.19,0.01,0.02,19.38,1.42,1.35,NA,NA,NA,NA,0.25,0.21,0.31,0.18,NA,0.02,0.01,2.38,0.17,NA,NA,NA,0.01,0.01,0.18,0.2,0.04,NA,1.31,1.45,NA,NA,NA,NA,0.01,0.01,0.2,0.18,0.01,5.64,4.55,5.48,NA,NA,NA,NA
"Time",0.21,0.24,0.2,0.2,0.01,0.03,1.23,1.32,NA,NA,NA,NA,0.23,0.19,0.21,0.01,NA,NA,1.35,1.28,NA,NA,NA,NA,0.03,0.17,0.01,0.19,0.02,0.03,1.44,0.01,NA,NA,NA,NA,0.01,0.24,0.01,0.17,NA,0.03,0.05,1.47,NA,NA,NA,0.2,0.16,0.25,0.22,0.16,NA,NA,14.55,1.46,NA,NA,NA,0.41,0.19,0.21,0.01,0.01,NA,0.02,0.03,0.02,NA,0.06,0.01,NA,0.17,0.19,0.02,0.01,0.98,0.13,0.56,2.73,NA,0.16,NA,NA
"Time",0.25,0.2,0.02,0.01,0.04,NA,1.44,3.46,NA,0.02,NA,0.02,0.19,0.22,0.23,0.01,NA,NA,0.01,1.46,0.01,0.05,NA,0.11,0.31,0.01,0.19,0.18,0.83,0.01,2.34,1.44,NA,NA,0.02,NA,0.2,0.01,0.28,0.17,NA,NA,0.02,0.01,NA,NA,NA,NA,0.01,0.36,0.18,0.23,NA,0.74,0.1,4.89,NA,NA,0.1,NA,0.01,0.2,0.19,0.2,NA,0.06,1.38,1.31,NA,NA,NA,NA,0.21,0.03,0.17,0.16,0.88,5.42,2.46,2.53,0.01,NA,NA,NA
"Time",0.31,0.23,0.23,0.2,NA,NA,1.37,1.24,NA,NA,NA,NA,0.18,0.21,0.23,0.22,0.03,9.52,1.28,1.36,NA,NA,NA,NA,0.24,0.01,0.25,0.17,NA,0.02,1.37,1.53,NA,0.13,NA,NA,0.23,0.01,0.19,0.2,NA,NA,0.02,1.52,NA,NA,NA,NA,0.01,0.18,0.01,0.2,NA,NA,7.56,0.01,NA,NA,NA,0.1,0.19,0.19,0.21,0.19,NA,0.01,1.32,3.39,0.06,0.05,NA,NA,0.02,0.22,0.01,0.21,1.15,0.07,3.01,0.01,NA,NA,NA,NA
"Time",0.25,0.01,0.01,0.01,NA,15.44,1.37,1.41,NA,NA,0.12,NA,0.21,0.01,0.18,0.21,NA,0.02,1.26,1.38,NA,NA,NA,NA,0.19,0.21,0.17,0.17,NA,NA,2.51,1.25,0.02,NA,NA,NA,0.19,0.01,0.2,0.22,NA,15.45,0.02,1.27,NA,NA,NA,NA,0.23,0.01,0.16,0.23,0.99,NA,2.56,5.55,NA,NA,NA,NA,0.19,0.16,0.21,0.17,0.04,19.42,0.03,1.42,NA,NA,NA,NA,0.17,0.26,0.19,0.17,0.75,16.51,4.53,2.48,NA,0.15,NA,NA
"Time",0.22,0.23,0.21,0.21,NA,0.01,1.29,1.27,0.06,NA,NA,NA,0.18,0.02,0.17,0.02,0.01,0.01,1.36,1.17,NA,NA,0.04,NA,0.25,0.01,0.19,0.01,NA,NA,2.45,1.41,NA,NA,0.1,NA,0.02,0.18,0.01,0.01,0.01,NA,1.46,2.51,0.04,NA,NA,NA,0.25,0.17,0.2,0.17,1.01,0.07,7.55,0.03,NA,NA,NA,NA,0.29,0.24,0.19,0.18,1.13,5.46,5.45,0.01,NA,0.09,0.09,NA,0.19,0.33,0.01,0.2,1.03,1.04,5.32,3.51,NA,0.01,NA,NA
"Time",0.01,0.04,0.01,0.24,0.01,NA,1.28,1.28,0.17,0.01,NA,NA,0.01,0.22,0.01,0.17,0.03,0.01,0.01,0.02,NA,NA,0.18,0.02,0.16,0.01,0.27,0.01,0.03,NA,0.03,0.16,NA,NA,NA,NA,0.21,0.2,0.01,0.17,NA,NA,5.32,0.04,NA,NA,0.03,NA,0.2,0.22,0.23,0.01,0.84,NA,0.01,1.78,0.12,NA,NA,NA,0.21,0.01,0.2,0.19,NA,NA,6.45,0.02,0.01,NA,NA,NA,0.24,0.16,0.02,0.21,NA,1.07,7.58,2.29,NA,0.11,NA,0.04
"Time",0.02,0.21,0.19,0.01,NA,0.01,1.25,0.02,NA,NA,0.02,0.15,0.44,0.25,0.2,0.01,NA,NA,1.32,1.28,NA,NA,NA,NA,0.01,0.21,0.24,0.22,NA,NA,1.47,1.46,0.09,0.01,NA,NA,0.19,0.21,0.18,0.01,0.01,0.03,0.01,0.1,NA,NA,0.04,NA,0.01,0.22,0.02,0.03,0.85,NA,2.44,3.64,NA,NA,NA,NA,0.01,0.01,0.18,0.17,1.38,NA,3.47,2.5,NA,NA,NA,0.02,0.23,0.01,0.01,0.2,0.02,1.38,0.02,0.01,NA,NA,NA,NA
"Time",0.23,0.23,0.21,0.18,0.02,13.4,0.03,1.31,NA,NA,NA,NA,0.29,0.26,0.18,0.02,0.02,0.01,1.49,1.41,0.18,0.04,0.11,NA,0.01,0.01,0.23,0.16,0.02,0.01,2.46,1.43,NA,NA,0.07,NA,0.23,0.27,0.01,0.17,NA,0.02,5.42,1.4,NA,NA,NA,NA,0.2,0.22,0.22,0.18,NA,NA,0.01,3.49,NA,NA,NA,NA,0.03,0.2,0.21,0.01,NA,NA,1.44,2.49,NA,NA,0.03,NA,0.01,0.2,0.01,0.17,NA,NA,0.01,0.01,NA,NA,NA,NA
"Time",0.19,0.01,0.19,0.01,NA,NA,0.01,0.01,0.02,NA,NA,NA,0.02,0.26,0.19,0.17,0.05,12.5,1.51,1.37,NA,NA,NA,NA,0.01,0.23,0.2,0.22,0.02,14.56,0.03,0.02,0.07,NA,NA,NA,0.22,0.18,0.01,0.16,NA,14.67,2.45,1.41,NA,NA,0.11,NA,0.01,0.16,0.22,0.01,0.02,0.71,5.44,2.69,0.03,NA,0.05,NA,0.01,0.2,0.23,0.01,NA,0.02,1.37,1.38,NA,NA,NA,NA,0.21,0.2,0.18,0.02,0.02,1.26,0.05,0.03,NA,NA,0.13,NA
"Time",0.22,0.27,0.17,0.24,NA,18.49,1.37,1.38,NA,NA,NA,NA,0.22,0.23,0.01,0.21,NA,NA,1.3,1.46,NA,NA,NA,0.4,0.18,0.2,0.18,0.19,NA,10.47,1.43,1.41,0.44,NA,NA,0.06,0.21,0.17,0.23,0.18,0.01,NA,0.03,4.48,0.11,NA,0.01,NA,0.21,0.19,0.18,0.18,NA,1.06,9.42,3.55,0.02,NA,NA,NA,0.19,0.23,0.19,0.01,NA,NA,0.01,0.01,NA,NA,NA,NA,0.19,0.01,0.01,0.01,NA,0.07,0.01,5.63,NA,0.16,NA,0.06
"Time",0.21,0.22,0.2,0.2,NA,NA,1.52,1.37,0.07,NA,0.08,NA,0.21,0.22,0.2,0.01,NA,NA,0.01,0.03,0.01,0.26,NA,NA,0.21,0.22,0.19,0.22,NA,17.38,1.37,0.02,NA,NA,0.15,0.18,0.2,0.17,0.2,0.23,NA,NA,1.44,2.65,0.03,0.01,0.12,NA,0.02,0.23,0.19,0.24,0.76,0.01,3.51,0.08,NA,0.05,NA,0.13,0.19,0.21,0.18,0.17,NA,1.25,2.45,1.44,NA,0.47,NA,NA,0.15,0.18,0.21,0.17,0.78,0.91,0.01,0.04,NA,NA,NA,NA
"Time",0.2,0.01,0.21,0.2,NA,NA,1.23,1.22,0.23,NA,NA,NA,0.22,0.32,0.21,0.16,NA,NA,1.23,1.44,0.21,NA,NA,NA,0.22,0.18,0.22,0.02,0.04,0.03,0.01,1.38,NA,NA,0.13,NA,0.19,0.23,0.19,0.24,NA,NA,1.42,1.48,NA,0.02,NA,0.3,0.01,0.18,0.2,0.26,NA,NA,1.5,6.45,NA,NA,NA,NA,0.47,0.25,0.18,0.24,2.34,NA,1.33,1.42,NA,NA,NA,0.06,0.2,0.17,0.22,0.01,0.03,NA,2.54,0.02,NA,0.02,NA,NA
"Time",0.01,0.27,0.01,0.01,NA,0.03,1.35,1.24,NA,NA,0.05,NA,0.17,0.19,0.01,0.18,NA,NA,0.01,1.28,NA,NA,NA,NA,0.25,0.18,0.16,0.01,NA,18.6,1.46,1.39,0.05,0.1,NA,0.04,0.01,0.22,0.17,0.25,NA,NA,0.01,1.47,NA,0.12,NA,NA,0.23,0.01,0.01,0.01,1.05,14.64,8.59,0.01,NA,0.18,NA,0.04,0.27,0.2,0.19,0.2,0.03,0.03,2.44,0.04,NA,0.06,0.02,0.03,0.01,0.2,0.16,0.16,0.01,1.3,2.42,2.51,NA,0.13,NA,NA
"Time",0.27,0.32,0.2,0.18,NA,NA,1.25,1.35,NA,NA,NA,NA,0.28,0.02,0.01,0.21,NA,NA,1.34,1.37,NA,NA,NA,NA,0.23,0.01,0.23,0.2,NA,NA,1.52,0.03,NA,NA,NA,NA,0.18,0.2,0.18,0.24,0.95,16.56,1.47,1.42,0.03,NA,NA,0.04,0.24,0.2,0.25,0.2,0.02,NA,1.32,1.55,NA,0.3,NA,NA,0.01,0.01,0.2,0.02,NA,NA,1.42,1.37,NA,NA,NA,NA,0.19,0.17,0.18,0.19,12.7,NA,4.62,1.33,0.02,NA,NA,NA
"Time",0.22,0.19,0.16,0.22,0.01,NA,1.39,1.35,NA,NA,0.09,NA,0.19,0.27,0.22,0.02,NA,0.01,1.5,1.49,NA,NA,NA,NA,0.01,0.17,0.01,0.2,0.01,0.01,5.37,1.42,NA,NA,0.09,NA,0.22,0.19,0.18,0.24,NA,NA,3.43,1.48,0.07,NA,NA,NA,0.02,0.22,0.01,0.17,NA,NA,3.7,0.03,NA,NA,NA,NA,0.22,0.19,0.21,0.23,2.25,NA,0.06,1.44,NA,NA,NA,NA,0.18,0.19,0.2,0.19,NA,NA,18.52,5.53,NA,NA,0.61,NA
"Time",0.22,0.2,0.2,0.24,NA,NA,1.26,1.25,NA,NA,NA,NA,0.01,0.25,0.19,0.19,NA,NA,1.38,1.25,NA,0.02,NA,NA,0.17,0.01,0.19,0.17,0.03,2.59,0.06,1.48,NA,NA,NA,NA,0.2,0.18,0.22,0.18,0.03,3.53,1.45,1.43,NA,NA,NA,NA,0.01,0.3,0.19,0.19,NA,NA,6.35,0.02,NA,NA,NA,0.02,0.01,0.2,0.19,0.17,0.01,NA,1.34,1.44,NA,NA,NA,NA,0.2,0.2,0.02,0.2,0.94,0.01,2.37,0.03,NA,NA,NA,NA
"Time",0.02,0.25,0.25,0.18,NA,15.42,0.02,1.48,0.16,NA,NA,NA,0.01,0.23,0.18,0.2,NA,0.01,0.01,1.35,NA,NA,NA,0.06,0.01,0.2,0.23,0.01,NA,NA,2.41,1.32,0.03,NA,NA,NA,0.01,0.2,0.23,0.2,NA,NA,1.48,4.54,0.07,0.08,NA,NA,0.19,0.19,0.2,0.01,0.02,7.75,0.04,0.04,NA,NA,NA,NA,0.21,0.23,0.2,0.2,NA,NA,8.45,4.53,NA,0.27,NA,NA,0.27,0.19,0.22,0.17,0.97,0.01,0.03,4.55,NA,NA,NA,NA
"Time",0.2,0.02,0.2,0.01,NA,12.61,1.24,1.36,NA,NA,NA,NA,0.21,0.2,0.17,0.18,NA,0.04,1.32,1.44,0.2,NA,NA,NA,0.01,0.01,0.21,0.23,NA,0.04,0.01,1.35,NA,0.02,NA,NA,0.19,0.19,0.21,0.2,0.02,7.64,4.5,1.5,NA,NA,NA,NA,0.01,0.24,0.16,0.22,0.02,3.73,7.43,3.7,NA,0.02,NA,NA,0.21,0.35,0.19,0.2,NA,NA,1.6,1.45,0.36,NA,0.12,NA,0.2,0.19,0.21,0.22,0.01,0.92,0.01,0.09,0.2,NA,NA,NA
"Time",0.25,0.16,0.01,0.19,NA,NA,1.37,1.34,NA,NA,NA,NA,0.01,0.21,0.19,0.02,NA,0.01,2.35,1.34,NA,NA,NA,NA,0.21,0.2,0.22,0.19,NA,NA,2.42,1.37,NA,0.13,NA,NA,0.28,0.19,0.17,0.25,10.18,14.56,4.36,1.35,0.17,NA,NA,NA,0.22,0.2,0.19,0.01,0.03,NA,0.01,0.73,NA,NA,NA,NA,0.2,0.17,0.01,0.03,0.01,0.06,2.38,2.54,NA,NA,NA,NA,0.22,0.01,0.22,0.23,0.03,1.01,2.63,0.02,0.16,NA,NA,NA
"Time",0.19,0.2,0.21,0.21,NA,6.52,0.07,1.58,NA,NA,NA,NA,0.22,0.22,0.01,0.18,NA,6.38,1.37,0.01,NA,0.11,0.02,0.16,0.19,0.22,0.01,0.21,NA,NA,1.51,0.02,NA,NA,NA,NA,0.23,0.18,0.01,0.02,NA,0.02,0.02,0.04,NA,NA,NA,NA,0.22,0.21,0.01,0.18,1.29,7.57,0.93,3.52,NA,NA,0.14,NA,0.24,0.23,0.18,0.22,0.02,0.01,0.02,0.01,NA,NA,0.04,NA,0.21,0.21,0.01,0.22,0.15,1.02,12.6,1.38,0.12,0.23,0.19,NA
"Time",0.01,0.17,0.01,0.02,0.01,NA,0.02,1.41,NA,NA,NA,NA,0.2,0.2,0.17,0.18,NA,0.01,1.46,1.39,NA,NA,0.03,NA,0.01,0.01,0.16,0.01,NA,NA,1.41,1.43,NA,0.12,NA,NA,0.01,0.03,0.18,0.16,NA,NA,0.01,1.43,0.14,0.11,NA,NA,0.2,0.01,0.2,0.01,0.94,0.01,0.01,0.06,NA,NA,NA,0.1,0.2,0.23,0.02,0.01,NA,NA,0.02,0.01,0.02,0.12,0.06,NA,0.18,0.18,0.21,0.22,0.01,NA,3.58,3.62,NA,NA,NA,0.17
"Time",0.19,0.23,0.2,0.2,NA,0.01,3.23,1.21,0.04,NA,NA,NA,0.01,0.2,0.21,0.19,NA,NA,1.31,1.24,NA,NA,0.06,NA,0.01,0.01,0.19,0.17,NA,NA,0.07,0.01,NA,NA,0.02,NA,0.24,0.18,0.03,0.01,0.01,NA,0.03,2.33,NA,NA,NA,0.07,0.28,0.34,0.16,0.29,1.05,0.01,3.4,2.56,NA,NA,0.08,NA,0.02,0.19,0.18,0.18,NA,NA,4.5,3.47,0.01,NA,0.02,NA,0.2,0.26,0.21,0.2,0.01,0.02,5.46,1.5,NA,NA,0.15,0.1
"Time",0.18,0.28,0.21,0.25,NA,NA,1.2,0.01,NA,NA,NA,NA,0.01,0.01,0.2,0.22,NA,NA,1.39,1.53,NA,0.14,0.07,NA,0.17,0.19,0.17,0.2,NA,0.09,0.05,1.23,0.01,NA,NA,NA,0.21,0.2,0.19,0.18,0.03,NA,4.59,2.45,NA,NA,NA,NA,0.26,0.01,0.18,0.01,0.07,0.06,2.54,4.54,NA,NA,NA,NA,0.23,0.18,0.18,0.24,0.01,NA,1.29,1.38,NA,0.02,0.09,0.08,0.21,0.01,0.01,0.27,1.03,5.56,10.59,0.01,NA,0.12,NA,NA
"Time",0.21,0.01,0.21,0.02,NA,NA,2.35,0.01,0.13,NA,NA,NA,0.19,0.01,0.2,0.19,NA,NA,4.34,1.53,0.06,NA,NA,NA,0.22,0.2,0.01,0.25,NA,0.01,1.34,1.39,NA,NA,0.04,0.03,0.24,0.19,0.16,0.22,NA,7.7,2.44,2.4,0.13,NA,NA,NA,0.17,0.21,0.18,0.2,NA,NA,3.45,2.48,NA,NA,NA,0.11,0.21,0.19,0.18,0.2,NA,NA,2.39,2.38,NA,0.1,NA,NA,0.01,0.25,0.22,0.17,0.01,NA,4.5,4.55,NA,NA,NA,NA
"Time",0.01,0.29,0.01,0.2,0.03,2.37,1.31,1.22,0.23,NA,0.09,NA,0.01,0.24,0.01,0.01,0.03,5.44,0.01,0.01,NA,0.12,NA,NA,0.17,0.19,0.01,0.25,0.02,12.66,1.34,1.52,NA,NA,NA,0.23,0.23,0.21,0.01,0.17,NA,NA,0.02,1.45,NA,NA,NA,NA,0.19,0.18,0.28,0.01,0.94,9,6.24,0.01,NA,NA,NA,NA,0.22,0.19,0.22,0.01,NA,0.02,1.48,1.5,NA,0.17,0.05,0.08,0.01,0.15,0.22,0.23,0.78,0.97,5.53,0.02,NA,NA,NA,NA
"Time",0.24,0.01,0.01,0.15,0.02,NA,1.49,1.42,NA,NA,NA,NA,0.23,0.16,0.2,0.16,0.87,NA,1.33,1.33,NA,0.09,0.12,NA,0.01,0.19,0.18,0.22,0.02,0.03,0.02,1.4,NA,NA,0.13,NA,0.18,0.22,0.01,0.17,NA,17.68,1.49,1.45,NA,NA,NA,0.05,0.19,0.19,0.16,0.19,0.02,0.04,0.02,4.41,0.1,NA,NA,NA,0.2,0.21,0.01,0.22,NA,NA,0.02,0.01,NA,NA,0.04,0.01,0.2,0.2,0.21,0.2,NA,NA,3.39,2.58,0.09,NA,NA,NA
"Time",0.22,0.27,0.17,0.22,NA,0.01,1.23,1.2,NA,NA,NA,0.29,0.01,0.3,0.21,0.17,NA,NA,1.39,1.32,NA,NA,NA,0.03,0.01,0.21,0.01,0.17,0.05,6.49,1.49,0.01,NA,NA,0.06,NA,0.23,0.01,0.03,0.01,NA,6.42,0.01,1.44,NA,NA,NA,NA,0.18,0.24,0.2,0.01,1.11,3.61,7.55,1.55,NA,NA,NA,NA,0.21,0.17,0.21,0.01,NA,4.42,0.02,2.48,NA,NA,NA,NA,0.19,0.18,0.01,0.18,NA,16.48,2.59,1.3,NA,NA,NA,0.01
"Time",0.27,0.01,0.17,0.17,NA,0.03,2.44,0.02,0.01,NA,NA,0.14,0.21,0.19,0.24,0.26,0.01,0.01,1.47,2.41,NA,0.08,NA,NA,0.18,0.2,0.16,0.01,NA,NA,0.01,1.32,NA,NA,NA,NA,0.23,0.16,0.16,0.01,NA,0.04,1.33,0.51,NA,NA,NA,0.05,0.19,0.2,0.21,0.18,NA,NA,0.03,0.05,0.01,NA,0.02,NA,0.24,0.22,0.19,0.01,NA,17.48,0.02,4.38,NA,NA,0.03,NA,0.21,0.18,0.01,0.18,0.01,NA,5.34,2.36,NA,NA,NA,NA
"Time",0.26,0.24,0.23,0.26,NA,0.03,1.18,1.38,NA,NA,NA,NA,0.19,0.33,0.32,0.01,NA,NA,0.01,0.12,NA,NA,0.07,NA,0.02,0.22,0.19,0.21,NA,NA,1.43,2.58,NA,NA,0.39,NA,0.18,0.24,0.01,0.18,NA,NA,1.47,1.36,NA,NA,NA,NA,0.18,0.21,0.25,0.2,NA,0.01,8.42,3.57,0.12,NA,NA,0.01,0.21,0.2,0.22,0.18,1.51,NA,0.08,3.56,NA,NA,NA,NA,0.01,0.2,0.22,0.19,0.81,0.94,2.43,4.56,NA,NA,0.47,NA
"Time",0.23,0.28,0.2,0.01,0.01,NA,1.33,1.22,NA,NA,NA,0.1,0.29,0.23,0.01,0.18,0.02,9.58,1.48,1.3,NA,NA,NA,NA,0.2,0.18,0.17,0.23,NA,NA,1.31,1.66,NA,NA,NA,0.01,0.19,0.29,0.01,0.02,NA,3.74,0.03,4.62,NA,NA,NA,NA,0.19,0.21,0.01,0.22,0.88,NA,2.48,2.53,NA,NA,NA,NA,0.2,0.02,0.17,0.19,NA,8.58,1.34,4.53,NA,0.02,NA,NA,0.21,0.21,0.22,0.26,0.83,1.34,0.06,0.01,NA,NA,NA,NA
"Time",0.21,0.01,0.01,0.01,0.03,NA,2.41,1.29,NA,NA,NA,NA,0.19,0.21,0.02,0.18,NA,NA,0.12,1.46,NA,NA,NA,NA,0.2,0.24,0.19,0.19,0.02,0.06,1.54,1.76,NA,NA,NA,NA,0.17,0.27,0.19,0.16,NA,0.01,0.01,1.41,NA,0.2,NA,NA,0.28,0.26,0.01,0.25,NA,10.5,3.65,2.54,0.03,NA,NA,NA,0.23,0.2,0.21,0.2,NA,NA,2.45,0.02,NA,NA,0.03,NA,0.23,0.22,0.17,0.21,0.92,0.85,0.8,0.89,NA,NA,NA,NA
